address,currency,entity_name,program,list_date
124ASTydd2hpRMn5gu98iVnm57JxeEp2Sj,BTC,Lazarus Group,DPRK,2019-09-13
1P5ZEDWTKTFGxQjZphgWPQUpe554WKDfHQ,BTC,Lazarus Group,DPRK,2020-03-02
12QtD5BFwRsdNsymqfDGHmK81U3YgS1F9Z,BTC,Hydra Market,RUSSIA,2022-04-05
1L1v2e5fH3Yf8aQW5p9v8rQ7w1xY3z5a7B,BTC,Garantex Europe OU,RUSSIA,2022-04-05
385cR5DM96n1HvBDMzLHPYCW89fZAXULJP,BTC,SUEX OTC,CYBER,2021-09-21
3LQuXMcrvd1vRwnAcVaFeHaLXY4vGphjLL,BTC,Chatex,CYBER,2021-11-08
bc1q2dssgwq48p4w6cvc3sl2t6vd5sccsc03v88480,BTC,Sinbad.io Mixer,DPRK,2023-11-29
bc1q8w4p6v7z3m8k2y5q4r9t0e1w2u3v4x5y6z7a8b,BTC,Tornado Cash Affiliated,CYBER,2022-08-08
149vaAnrA1KXtm7ne4G894JbULKqVNdZf3,BTC,Evil Corp,CYBER,2019-12-05
bc1qx982v4q9t5y8z2w3e4r5t6y7u8i9o0p1a2s3d4,BTC,Bitzlato,RUSSIA,2023-01-18
bc1qrh8yrh3jpz8n3kkdwgmc9dgxcrvttgpwrazf5u,BTC,Task Force Rusich,RUSSIA,2024-07-06
1h3EH5E6HdNNDGwecAjAPzeZgqnE2KGDws,BTC,Blender.io,DPRK,2020-06-03
bc1q0u5yyh3hdjtly0cmy94nvnwg374rucc2f9qhhl,BTC,Tornado Cash,CYBER,2023-09-25
1sJec9mYnX1K2vsqJ4sw5V5mm8UYGsRDYj,BTC,Sinbad.io Mixer,DPRK,2021-07-14
3zeSX8ELbED5dEur5EfD8waUnoC6SRUjgz,BTC,SUEX OTC,CYBER,2018-09-20
3jo7CY9BTs5or6eY16kEQUsuA1PvnHhjnf,BTC,PM2BTC,RUSSIA,2019-10-11
1JyaYk4aWrAx5BbgE7tFbcRaXwCiEPfJKk,BTC,Garantex Europe OU,RUSSIA,2018-02-22
3dZ6YW8M4FHSYJzoXfZw7sGtkAHDLgrWFu,BTC,Hydra Market,RUSSIA,2019-01-28
bc1qdgqc5gh3dqzuu36jyyfuemux8rcudnyamleuqh,BTC,Blender.io,DPRK,2022-08-28
bc1qmegermm86wfe8qx2m7g5vl37rl97grdh2nsvjg,BTC,Al-Qassam Cyber Operations,CYBER,2022-12-06
1XogwjCSxvdf8uWfKhZCfNkBaQqJDncKSg,BTC,Cryptex,RUSSIA,2023-05-07
bc1q9zs526c48xq80mzd5xk085qccrd97sp8mwe4ln,BTC,Buy-Bitcoin.pro,CYBER,2024-11-28
bc1qudaw9mwc6gc08wk82uzyvyxd2wp6vc7quj07fv,BTC,Netwalker Ransomware,CYBER,2024-01-28
bc1qheu0g0v4eh6al3aj4zdm9g2w2ug7d60hp78z7p,BTC,Lazarus Group,DPRK,2020-10-23
1qdEU7wTFNcxinAKavauNwCbqFhJgooZ3X,BTC,CJNG Money Laundering Cell,TCO,2022-03-12
1WLrp7xdqiSjxGoYVSjGrq6tFTcN2rBDoL,BTC,Conti Ransomware,CYBER,2021-02-19
bc1qq7zh0ck50ez8kfj0sdh2kggrxr3c9x0hlsfrx8,BTC,Tornado Cash,CYBER,2021-06-06
1i834Hwdk61HULxFr74Vag9px5FZRbcmPu,BTC,Genesis Market,CYBER,2024-08-21
3JdcjwDDfAB51TbHEihTgvndfwRYeup5AJ,BTC,Trickbot Group,CYBER,2021-04-11
38ghwWV53SKF6xqaxzfG3kUevBadV6MLfr,BTC,Blender.io,DPRK,2022-08-28
bc1q04vcpzgrcm6qmwpsn0wpgyfu0q5ekfqd86r75y,BTC,Al-Qassam Cyber Operations,CYBER,2021-04-24
bc1qkd00wyxnhyzcm2egqh6j4mw02cvaml8vmd20av,BTC,CJNG Money Laundering Cell,TCO,2019-09-30
3x8xL6r6u19sy5nGdQ5LgXxdtVYcEgHE6y,BTC,Sinaloa Cartel Financial Network,SDNTK,2019-03-02
3AJ2K4MRFQgBBcPgVaEdTfuTHY5wzJxhTJ,BTC,SamSam Ransomware,CYBER,2023-06-17
1EaazJyfGZgk3cVuHocMddgifqdueJSaj6,BTC,Genesis Market,CYBER,2021-09-14
bc1qdxeutsg9a77fmewzc844vm3zvgrthgv5t40n72,BTC,Conti Ransomware,CYBER,2020-07-09
bc1qz6afdy7f0ruyw4h7dhydr0d7ptw7mr43ltvxrm,BTC,Buy-Bitcoin.pro,CYBER,2019-01-25
bc1qx5lp2lex63j68cengll3ermytejqgydrzwtjw8,BTC,Conti Ransomware,CYBER,2018-07-11
bc1qemsw7p0v40azznzg532lswnrkm5chxw82wdrd4,BTC,Task Force Rusich,RUSSIA,2019-10-02
bc1qaz6zrhe3j32rt4cmh7ntjx48rmtcjeml6n5qa6,BTC,Evil Corp,CYBER,2018-05-13
1GmvMB9f5jy6XNTAKKwbtAk35SRcRDWM7g,BTC,Trickbot Group,CYBER,2023-07-01
bc1q4pvnqfxyg2qh9vks6ezmpqamjjkdrq2en6azm8,BTC,Trickbot Group,CYBER,2022-07-13
bc1qzmh8cz5sxct75yrg9ycz75wjj4u5l2l2w05ejt,BTC,Garantex Europe OU,RUSSIA,2021-07-09
3T4q5srcWTZntToeKU947uLiWBFSSXANHQ,BTC,Blender.io,DPRK,2024-09-28
1ne46gHifusLa9MyhPbwJNnpfqjgXeRMNB,BTC,Sinbad.io Mixer,DPRK,2021-11-14
3Cz9JnWYjXfscb9Bhdui3NiycknEEynuCg,BTC,Trickbot Group,CYBER,2022-12-24
3mnWRACcs4UNwiW85ATWq6uptvRPNP5EK6,BTC,Al-Qassam Cyber Operations,CYBER,2021-10-19
18Hqh9hT15FqYjX7HJ3RoT7ub1WF9RcERf,BTC,Garantex Europe OU,RUSSIA,2023-11-29
34XWzZPUdyF1nLjdmjL3YpBnThdp4nTJ3C,BTC,Hydra Market,RUSSIA,2021-07-30
3WzYFkCMnsL8NtktPyVVvXoj5bpYK5fJbR,BTC,Al-Qassam Cyber Operations,CYBER,2023-01-07
3SjucSen4fQWkA2rgS8EeNx29TNS58NKHx,BTC,Lazarus Group,DPRK,2020-02-16
3Xu7mhDchzC85BizpyzfiYHJAihBMEznEV,BTC,Task Force Rusich,RUSSIA,2024-04-02
bc1qte3nzflhsc6zl5w4tuc597dapry92kt7umg53y,BTC,Genesis Market,CYBER,2024-12-05
bc1qz5jj9nu2apmz7cgxjnqu35f8evwk9dw2ym2ltv,BTC,Task Force Rusich,RUSSIA,2023-10-25
bc1qr8rwyp7md7u6ahx9lwu0zvw8jpfn64fqrygtvp,BTC,Hydra Market,RUSSIA,2024-06-07
bc1qx3zscgl4rlve27cxsspy20wns2n9lhf263kf6t,BTC,CJNG Money Laundering Cell,TCO,2019-04-08
3aojg2UynnaiaAdcq9g2w72K9hQmvsj49D,BTC,Blender.io,DPRK,2023-05-28
bc1qv7w334m4eg07gf7lckk003ahfj3uvtcyp7za5h,BTC,Sinbad.io Mixer,DPRK,2020-04-21
bc1qg3grh8pu88r204y7l95u05cffpc58hmpad6ap6,BTC,PM2BTC,RUSSIA,2020-02-17
bc1q7auqjrlfl307mwxr9wg9hejc9mu6sz49y28g8c,BTC,Blender.io,DPRK,2021-06-04
bc1qhq5kprfvsukfrafn8yyhnd3034x8cmzwkzjp3s,BTC,Trickbot Group,CYBER,2024-01-22
1ArSgiVuS48RZZgJ2F1D5RhY4tzUHB8ejx,BTC,Task Force Rusich,RUSSIA,2022-04-30
3suNgfYeMBYXjD12JgYXpFMGwj7oRmt1C6,BTC,Hydra Market,RUSSIA,2023-01-17
bc1q4m8pw3ccyl8ajjc68ulsdg3jh943pt5vskdf93,BTC,Bitzlato Limited,RUSSIA,2020-07-26
3r9T4QRXPFL5TNYq3Nc35obfDDuJuDCkkk,BTC,Bitzlato Limited,RUSSIA,2024-10-25
bc1qxa3cv3tgs0rl06atdj8ygajdy2v6054g67509e,BTC,Tornado Cash,CYBER,2019-08-11
bc1q39ul7s6z6pqy5zyxwp5aa4q3dqh3fskd79as8n,BTC,Evil Corp,CYBER,2022-01-05
3o5xTFhJq5ze2QNUdh5reLyytvEuhZGvgH,BTC,LockBit Ransomware Group,CYBER,2024-05-11
bc1qpa27jckvz986vu2cylhslpd62c7vcqgl0t7d44,BTC,Garantex Europe OU,RUSSIA,2024-12-22
3oi59idjK71JMG8BTZQ2M6bKPHP5uuyaAP,BTC,Chatex,CYBER,2021-01-20
3G9AHJnMwiVcT81PqPsSRpebJbhUBQKjdy,BTC,Bitzlato Limited,RUSSIA,2021-09-10
3HnNwCzBm2jwDoq5rog9JF9RNTbaXvsR3y,BTC,Al-Qassam Cyber Operations,CYBER,2024-01-23
bc1q5zc4t5pl4vc7dqgssjjwvcjstqrd7r7yfwx00w,BTC,Al-Qassam Cyber Operations,CYBER,2023-02-11
343i2L7ovjWZLRTodBfPjtTR1DHhoaoYNC,BTC,SUEX OTC,CYBER,2020-12-24
bc1qms5nnjtmn6kfnzyrf9ksdyv95k5l30y2wptqy6,BTC,LockBit Ransomware Group,CYBER,2023-09-16
bc1q04d60zqcfg39whc3rrc6t6ph3lr6cflwt6wlc8,BTC,Trickbot Group,CYBER,2021-12-21
bc1qndne6ej3n9lfj7su6ycdpg5kyy286vy55vzecv,BTC,Evil Corp,CYBER,2022-03-06
3xK1mjjTfM4XDRDGqLaZVLg36nT8rS1xCg,BTC,Chatex,CYBER,2021-06-04
1ss6M5fe4djkR66D5bXS1L7rhUE6o6NJPp,BTC,Chatex,CYBER,2019-08-23
1X1eSid9Qgr66kbPxK9H5ZbcnhrfJXWkJ4,BTC,Bitzlato Limited,RUSSIA,2023-08-04
37VbXyzw8rZNgmxm14G34nWdWRh5YcHJWC,BTC,Chatex,CYBER,2024-01-21
3Pdqg4hjr46STcJkj7ihAxXniA8nGtm2oG,BTC,Garantex Europe OU,RUSSIA,2020-12-27
bc1ql50spm99cu4rhqmqpta97pek588a26jr4p8spv,BTC,Buy-Bitcoin.pro,CYBER,2021-03-16
3KZ1CZJdTbVmCumF1QEMqsx1frj7XEV4zi,BTC,Garantex Europe OU,RUSSIA,2018-07-13
1uXhNy568p5ZSxEGKohjKG5CnaAAUQYxDJ,BTC,Evil Corp,CYBER,2019-05-21
1Agph3qL6FMWgGz2QTkFTo91qy8pNdeaGp,BTC,Lazarus Group,DPRK,2018-10-06
1uS8uqL3TAapP2gBDBHt3cFJQY4H8CtXdo,BTC,Lazarus Group,DPRK,2022-04-30
bc1qt30asv928ucplscllr4g6apl8met6m9jekaqk7,BTC,Trickbot Group,CYBER,2019-08-20
bc1q76el39ppnq02ne29empykyrstzk4j22lhd502k,BTC,LockBit Ransomware Group,CYBER,2024-12-02
3DbBJg8jxxPzx2bvyDZw9kEyAt6ietSGF4,BTC,Evil Corp,CYBER,2019-04-02
bc1qqvhlu0v3r0m549zmf27z9vh3uznn0q79u9rxxk,BTC,LockBit Ransomware Group,CYBER,2021-01-05
bc1qf8pj6ytdf4nxq9fzmfv04z39utwgw8gpc4zt3l,BTC,Trickbot Group,CYBER,2020-08-03
bc1qpvs74aj8fvmpjsjly7w79xxpz4x6yn2hez33ms,BTC,Lazarus Group,DPRK,2025-01-10
bc1qsddyjc7ajrf3tdv0npgynkpu28hauq6fg0krmy,BTC,Buy-Bitcoin.pro,CYBER,2021-08-21
3jc6SuQVWN4n4iQnXZBsC423MCNTQvgFVS,BTC,PM2BTC,RUSSIA,2024-08-14
bc1qt9uhkfv9j7m54gdqccqa5nqgef75dvtgw46vrs,BTC,CJNG Money Laundering Cell,TCO,2022-03-27
bc1q5nfrzl5mgkufycueen44h5lgdvpkjxh83ea4sm,BTC,CJNG Money Laundering Cell,TCO,2024-04-19
1JUjjZuwueDDsRtNaT74dacUC7gXQs9zLz,BTC,Buy-Bitcoin.pro,CYBER,2019-08-24
3sB5LzK4TDmaAnn8SRRU1XjxtkX21jEsK6,BTC,Cryptex,RUSSIA,2024-08-22
3ApJHjbLtzLuMBwvQEj8jbANe3sFY3zfe2,BTC,Al-Qassam Cyber Operations,CYBER,2019-05-04
3S8FhCg1R6XdhRuWcHnVcnqyMQAYugUE16,BTC,SUEX OTC,CYBER,2024-06-23
bc1q07czhu5wlgp6mmt4drmuqy52u7ght2rvw6k0du,BTC,Tornado Cash,CYBER,2019-04-23
1h4wARbogBPM2gqy8v7Q3GKhgmaZyfLXh6,BTC,CJNG Money Laundering Cell,TCO,2020-10-29
3MgPqZz4eArrs5VEy3DeQEToSrS7Ve6QZ1,BTC,Garantex Europe OU,RUSSIA,2024-10-24
bc1q5u35w266m2cnktwr4qt5e3tru06hdgxrmx6x2c,BTC,Hydra Market,RUSSIA,2024-08-22
1mTfx8VX3wqVWvBaj8PbtWPyvmGxyT8Qhk,BTC,Genesis Market,CYBER,2024-03-07
3iwdCdHMfyexWhK7MUafRkqHroX29fCkAH,BTC,Evil Corp,CYBER,2019-09-06
1hJk2p6sjskZEnoHfvPxyKZ1FcnsquhekY,BTC,Conti Ransomware,CYBER,2020-03-29
bc1q7f9499svd3yjg2kyy2pan40jte289zsd3z8x2t,BTC,Sinbad.io Mixer,DPRK,2024-12-21
bc1q03c5rt85a8puverghqscss0f52zrlc35x5x46x,BTC,Al-Qassam Cyber Operations,CYBER,2022-12-02
0xafb27510c89346a60a8a9c9b1e1c41c76a7826c8,ETH,Sinaloa Cartel Financial Network,SDNTK,2019-08-28
0x4efdaf0d2096813bb3ed22941a90cf8a1a439f5a,ETH,Bitzlato Limited,RUSSIA,2019-02-28
0x41375ab29cf25cba45a577c71a14de3babedad9c,ETH,Sinbad.io Mixer,DPRK,2018-06-14
0x88f7c53cb47868adc92872fafb75371503e5770f,ETH,Blender.io,DPRK,2019-03-13
0xb8dd482a5ad86e85d7798221a325b13cb7732d00,ETH,Trickbot Group,CYBER,2024-09-06
0x2a09042f990ba417fd2d9cd2a4b5793613d86217,ETH,Conti Ransomware,CYBER,2024-10-06
0x0c81729deca85083cc69bcb1273d4e63bc910ab5,ETH,Task Force Rusich,RUSSIA,2019-03-27
0x2a4d654ac6c758445bbdab7b23658bb2f012e613,ETH,Garantex Europe OU,RUSSIA,2024-11-13
0x06f98b9fda73ac4098320302fc5698b114de5f49,ETH,Sinbad.io Mixer,DPRK,2023-02-20
0xe946114fcfed9bf9ccf779011afa35f80d31ad1e,ETH,PM2BTC,RUSSIA,2021-07-23
0x5e4fae73bd333921eaa9c80797fed7fe4390c788,ETH,SamSam Ransomware,CYBER,2019-12-31
0x71850a615d244f5266c5679fadbc8d3cb7062ea8,ETH,Blender.io,DPRK,2023-07-01
0x4896b0d7a7558e401df39a2c5a7be64a22c5a9d1,ETH,Tornado Cash,CYBER,2021-11-22
0x3544a47d59f620bafb1211e806c142ae434a2d0a,ETH,Blender.io,DPRK,2023-05-19
0x7de82f897be6a8e73146208c248b7c4cc9c83e63,ETH,Al-Qassam Cyber Operations,CYBER,2022-05-30
0xd31a8c9b4a84312177b752f0f42701036c75b01c,ETH,Chatex,CYBER,2018-09-01
0x4682e460fb6f3f3b1a36fe2bb817450af360c963,ETH,Hydra Market,RUSSIA,2024-07-22
0xc7951219efa0abc23fccc73b52e774b325b4de81,ETH,Chatex,CYBER,2023-01-29
0x4450a620dc3ba8687895a181d2d3719da8b4591e,ETH,Sinbad.io Mixer,DPRK,2023-07-20
0xed7a5bedc098bd1381363a9f88bc9ab61c88a89e,ETH,Blender.io,DPRK,2024-03-17
0xf55c6b993ce4f76bf98f443d0db488e2052593c1,ETH,SamSam Ransomware,CYBER,2024-06-02
0xebbc2db9e94b910c5d6dd3a90c64082830b67983,ETH,Genesis Market,CYBER,2022-06-18
0x257b8466bc73698f8346a916535ac25dc97e3a2b,ETH,Garantex Europe OU,RUSSIA,2019-04-20
0xb392d45c475b38c89fba6e8403b47f1aae514e6f,ETH,Cryptex,RUSSIA,2019-02-26
0xe7913f8b0e47b0a54ff4046ffff3562b8ada6964,ETH,Conti Ransomware,CYBER,2021-09-24
0x72a9a32bee6eca9218b2d205ff4bdab2320f9999,ETH,Bitzlato Limited,RUSSIA,2018-05-01
0x5b789b5d7230c046bfc1efd757360b659b98ec87,ETH,Hydra Market,RUSSIA,2020-10-17
0x86b88a0464d769082d7b1cfb26729b374becb117,ETH,Task Force Rusich,RUSSIA,2018-12-30
0x86c8f66ce9a2d2b64c7a123947d80e3976193898,ETH,Sinbad.io Mixer,DPRK,2018-08-03
0x2052099511f24ab98fb50c5edcd171d563309f81,ETH,Al-Qassam Cyber Operations,CYBER,2024-10-27
0xef4958f5298a729bf00a1dcf658a034c4850a5b9,ETH,Lazarus Group,DPRK,2020-01-04
0x3de770227de7de089a8095ec12d5682921c4db41,ETH,Bitzlato Limited,RUSSIA,2022-03-17
0x7f341cce70783eb8c2ddfa2b7b80ea91708a494e,ETH,Blender.io,DPRK,2020-04-15
0x34571240983552b43195727a106299db94dba8fc,ETH,Buy-Bitcoin.pro,CYBER,2024-05-28
0x2de77ab733d9e6bace707572c921dc5ac86698f6,ETH,Blender.io,DPRK,2020-05-16
0xd9c6c83a1e97978d2f11dc67a1deea0228693a59,ETH,CJNG Money Laundering Cell,TCO,2021-06-15
0xeebef998dd0ef08f14069ab663228d564d20a2ea,ETH,Chatex,CYBER,2018-12-27
0x2cdebe976d63607bb4e900759f1b8dc48893aaaa,ETH,LockBit Ransomware Group,CYBER,2024-07-16
0x405c787b6fc40ebb90720fc9418d424d012927c4,ETH,Al-Qassam Cyber Operations,CYBER,2020-09-08
0x7cd512e27fc37a3b5ac1264bc86b72d0e7afa0ea,ETH,Netwalker Ransomware,CYBER,2024-11-19
0xed541a6cbb935b28ad011734301fadfab1d2ae9f,ETH,SUEX OTC,CYBER,2020-02-08
0x47eae46ec521c650f477e9272c3aeb11947e2aea,ETH,Evil Corp,CYBER,2019-09-27
0xbe98f76dcc80fd79e5a6af18f17ca2063bea51ab,ETH,Chatex,CYBER,2018-06-10
0x3b971848d7f00c01ca7ad29e02a7e0b2204c729d,ETH,SUEX OTC,CYBER,2019-04-27
0x7c3c6cfa5f92dcc95126b87e01d9c07021ae6ccb,ETH,Sinbad.io Mixer,DPRK,2019-08-24
0xa86f9027fac5031815c83ca43caf72a0a465cc0b,ETH,LockBit Ransomware Group,CYBER,2020-01-05
0x20813796be313363e1906392573545094176c342,ETH,Sinaloa Cartel Financial Network,SDNTK,2024-11-23
0xe98368d37706d363efee60fb866cb171cb6353f0,ETH,CJNG Money Laundering Cell,TCO,2021-06-16
0x2799f72b2dab0a6b84cb993a95e8e506705ab8c2,ETH,Blender.io,DPRK,2020-09-18
0x8abcdbcc5e860578d78de75abfe3e162f121223f,ETH,Lazarus Group,DPRK,2021-04-29
0x6ae76b030cd859ac7a8879e4c354d24f92822bec,ETH,Tornado Cash,CYBER,2020-09-15
0x1f9753baf27f810ecfe2f88a4efcfacbe5170a10,ETH,Conti Ransomware,CYBER,2020-07-05
0x710a93e4087a18359fe52d5545fd1b7fc4cf6e29,ETH,Garantex Europe OU,RUSSIA,2019-08-26
0x37df1fc16e68bc22680dd487004fd7ae67b314f1,ETH,Task Force Rusich,RUSSIA,2024-07-22
0x764afd5b04927b505af04a13ac9255dc4b585224,ETH,PM2BTC,RUSSIA,2022-08-29
0x5e1233e9d888c171de745de9c5b0d3d23221bc1c,ETH,Netwalker Ransomware,CYBER,2018-07-08
0x30a97e04011993a02b495dc981dc8bf2c0beed7b,ETH,Tornado Cash,CYBER,2022-12-20
0xa1df686c578754b1767bad36f6decf50aa68a16b,ETH,SUEX OTC,CYBER,2019-12-07
0x1f59f1db4b94ca679674c147a2101af6a2911ccc,ETH,Sinbad.io Mixer,DPRK,2021-05-01
0xa745d8f06e656708d4b72b71aaa97d867f95f500,ETH,Task Force Rusich,RUSSIA,2021-12-13
0xc9ca66f603341bd1280a68607059517b37ca24f3,ETH,Sinaloa Cartel Financial Network,SDNTK,2018-11-19
0xd840f63b1d151c73ca4c683697c20bd93fb7e89c,ETH,Netwalker Ransomware,CYBER,2024-05-21
0xb0373bcd6dead442a3320c47f6e340c48a0bc0e5,ETH,Genesis Market,CYBER,2018-10-02
0xe65a1fb21be8dfe4e31c596b3622f74975f56afe,ETH,Chatex,CYBER,2022-02-09
0x754ae0bc0ea46abea8370fee4ec4d275cac41c7b,ETH,Blender.io,DPRK,2022-10-11
0xeddb859db700aac26a5128fdcdac57b4adc362ef,ETH,Trickbot Group,CYBER,2020-07-22
0x00893174d0992f2908ced733fd4b6633db32c0f3,ETH,Buy-Bitcoin.pro,CYBER,2020-10-28
0x5a7025babbb41053efff9b049465f8948ee25821,ETH,Hydra Market,RUSSIA,2019-06-22
0x7f456e4de862b7f8ea73027271e77f871b2534db,ETH,Evil Corp,CYBER,2024-05-10
0xe99f8961cae0aa69fd21da7f90faf5bbf930a501,ETH,Conti Ransomware,CYBER,2022-04-26
0x143c60366af24cbee9515376491652a18faabe8a,ETH,Garantex Europe OU,RUSSIA,2021-04-19
0x71c4fa43698e8867bd59c0b7cd06b5bc7c5ec31f,ETH,Evil Corp,CYBER,2019-03-26
0x6060a76abb4d9bfac123db30723dd81c261eb770,ETH,Buy-Bitcoin.pro,CYBER,2024-08-08
0x34d651d6679bf068beed300984ae19a762b7789a,ETH,Conti Ransomware,CYBER,2023-04-17
0x24bfdabccd94ba23916f4300e52de0169134550e,ETH,Evil Corp,CYBER,2019-09-26
Tsc73woxkyncr6ZWA7CMjimVs9Np8Cym1q,USDT,PM2BTC,RUSSIA,2021-11-13
0x24b6a3c8c26eef8af7cb8156c660e29ffcef6ebd,USDT,Blender.io,DPRK,2021-11-24
0x48eb738cabec63405bb2f4188c20c93cbf105a50,USDT,Sinaloa Cartel Financial Network,SDNTK,2019-06-09
0x9053b9bfad34ad926b183c726616231a68cd9afb,USDT,PM2BTC,RUSSIA,2022-09-18
T98i8hs7DUkwNxbQ8a39NzJVn9b3ttDpV8,USDT,Task Force Rusich,RUSSIA,2018-10-18
TRaZunUicmWTTTsKofQEPYxtjesiaoiZ8Z,USDT,Sinbad.io Mixer,DPRK,2024-12-23
0xcf8c80a8f43dd918597e520861f842c2fa0f2b41,USDT,Chatex,CYBER,2022-09-01
TFwu4EbEWWxGKZ42du2Za6me8ZSrWn9YAF,USDT,Netwalker Ransomware,CYBER,2024-04-06
0x07d4f0e79d65a980b946128469f5a54c73f5790b,USDT,Sinaloa Cartel Financial Network,SDNTK,2018-01-23
0x0028b761ea8ed71f696dcf1530bcab3dac3ff07b,USDT,Conti Ransomware,CYBER,2020-05-20
0xfa14823ba929b2edeb4d0fa9ae06aad5d618780b,USDT,Hydra Market,RUSSIA,2021-02-26
TXKPLtozEgxvCL4d2S2owqFUxqpXE5bS6S,USDT,SUEX OTC,CYBER,2018-12-31
TvNthn4o4cS644rQcQsndTTRc6eg2Wb71i,USDT,Trickbot Group,CYBER,2020-03-18
T8WMUdB838aWeMaY9UbHyXf9EpZ4LyeC4B,USDT,PM2BTC,RUSSIA,2023-04-13
0x59f9627c0303393bf5b32f5101439c0032eb5820,USDT,Evil Corp,CYBER,2019-03-05
0xa6c1e43cafffee12ec3659f30938c50cddfe317a,USDT,Garantex Europe OU,RUSSIA,2019-12-01
0xca87755bb746e9033d64e9e582175979676c5623,USDT,Sinaloa Cartel Financial Network,SDNTK,2018-11-21
0x1d8ace1103354da4bffcbe04dc669a78c263b78c,USDT,Buy-Bitcoin.pro,CYBER,2023-03-19
0x1d6f67d02d4b7a536ccb49902ff9ce966f1675fa,USDT,Genesis Market,CYBER,2019-01-31
0xa2d903e63487505e6f26b6e3d4da2943b73f7d93,USDT,Blender.io,DPRK,2024-06-03
TTajHtThiJcoBFujTuBZPwEsGdHvhiDVzZ,USDT,Task Force Rusich,RUSSIA,2018-11-24
TWnQAD32egTLQC3Fi8fTT5fiSUHAqcB8kA,USDT,CJNG Money Laundering Cell,TCO,2018-03-01
0x2530a3bdcabe6400cce5316f53a3ecd226158338,USDT,Netwalker Ransomware,CYBER,2019-05-24
0x150a033a490e6c7fbce9415a6ec22cbfa10e78b8,USDT,Al-Qassam Cyber Operations,CYBER,2018-03-10
0x9e4bc9054230e9fb54ac8fa40d538ea3ab96570d,USDT,Garantex Europe OU,RUSSIA,2020-03-13
0xff228c3867236949f3d7f5676962f7c61e488264,USDT,Genesis Market,CYBER,2022-03-31
0x75b3e0db5666b64f1ef1e2cfcc5ba506637e5b0a,USDT,Chatex,CYBER,2020-12-20
0xf239a211b6bf1ee26b88e9bced19cd43bb0271c6,USDT,Netwalker Ransomware,CYBER,2021-04-10
TANhCBxTpB4BmGuQddsAJNHLaUg64k1az6,USDT,Cryptex,RUSSIA,2018-02-13
0x8f47c95a553569fdc0d6de018fc37ad8a0af5adf,USDT,Blender.io,DPRK,2023-01-08
0x7bc5ff7ab169bdecb071dff7ef7832fb1f0e564b,USDT,CJNG Money Laundering Cell,TCO,2023-05-19
TffvdVoLDav4LukjenySEGH7LbBwa8KPjK,USDT,Trickbot Group,CYBER,2024-01-17
0x66cce2a910d5d43a24bdd058b4d9a34f0c2bde3b,USDT,Tornado Cash,CYBER,2023-07-04
TJpuA2PRUMP5jHvhY6Kns4wJeaSUuDoCeN,USDT,Trickbot Group,CYBER,2019-03-08
0xf2f6de1f20fa9fa6037bfa6bcacda4a5117a8099,USDT,Evil Corp,CYBER,2019-02-06
TBVeSa64uoBp2ZYpVXain8kyuBbBZo88CA,USDT,LockBit Ransomware Group,CYBER,2020-12-01
T3yWNYRw1JwXnfSahXzMYD6pEBJqxbDM8d,USDT,Garantex Europe OU,RUSSIA,2024-03-16
0x6e6146b81bfb35ad962f60911181a554d306f61e,USDT,Tornado Cash,CYBER,2023-12-11
TJpVXhsYcuAwPMjyXbrU81WA8Nj4jyiFch,USDT,Tornado Cash,CYBER,2022-12-17
ToWGRwtpJrwQK65jwA4kZVsxRWjUWzthQc,USDT,Lazarus Group,DPRK,2022-10-21
TkFjxptXccxgtXE5qWxRNN7vFYm7JJDjZD,USDT,Genesis Market,CYBER,2023-10-27
T3TcVMcLM1tBM6V5W98VAfEPJRBp7SqAMS,USDT,Task Force Rusich,RUSSIA,2020-04-06
0x42650afff177a2cc6bbd2fc250a0d69074169b24,USDT,SUEX OTC,CYBER,2020-12-29
TFpChohWBzbdE83zvRc63QJdELUWeJGHMR,USDT,Blender.io,DPRK,2018-07-28
0x0a544964751aac25cb9934911a90fed371f947c8,USDT,Chatex,CYBER,2018-07-13
