wallet_address,cluster_id,root_address,louvain_community_id,obfuscation_disagreement
1121pg4x6qfi3WpKddwPRE7K1e1,CLUSTER_0001,1121pg4x6qfi3WpKddwPRE7K1e1,36,False
1172JLAJqwQerjnLvM73dnvsCQ7J6yTT,CLUSTER_0002,17wh93NZR3Nwy3MgfMZsykvEAo,4,False
11CfsCQpvSFSPp5aXqhU2yQRKLbko3bf8F,CLUSTER_0003,11CfsCQpvSFSPp5aXqhU2yQRKLbko3bf8F,32,False
11iGdRFW6a3wYkMoaDFw6qNBTpcU,CLUSTER_0004,3kF96jYb26EbZihRTHsmARHDm6,35,False
11pu7mGTTe9n1yG4pLhdZgosvd,CLUSTER_0005,3Tk62XigK8QJnLgcA7oqsLkVV55coua,12,True
125vLdjj7oonJni8aGwj8tspNZSpT,CLUSTER_0006,125vLdjj7oonJni8aGwj8tspNZSpT,35,False
12CDHbqcMYTz9fSYuTSjSmrxfEb5zz3e,CLUSTER_0007,12CDHbqcMYTz9fSYuTSjSmrxfEb5zz3e,35,False
12jLvospGn7srDpTJoE2CLsyHeQyYw7y,CLUSTER_0008,12jLvospGn7srDpTJoE2CLsyHeQyYw7y,22,False
1385qmVNzZTvUi1RZPJfSQabvt6p,CLUSTER_0009,1385qmVNzZTvUi1RZPJfSQabvt6p,26,False
13GXLyTA3vzfLywKNeyECN3znUjshjdxjy,CLUSTER_0010,1XdVS3G8HtV2doiK1QEq7we9wHhRU,15,False
13KPCjNTqEuUxWQsdEXV5bRZhnm3HHez,CLUSTER_0011,13KPCjNTqEuUxWQsdEXV5bRZhnm3HHez,44,False
13PQzRnL2eeLvg4DRdMhbW3zxtvK5aH,CLUSTER_0012,13PQzRnL2eeLvg4DRdMhbW3zxtvK5aH,35,False
13Qq91W8MaDGULTZrDHWDV6BHQa,CLUSTER_0013,13Qq91W8MaDGULTZrDHWDV6BHQa,39,False
13bMnSz7uC3SXogwjCSxvdf8uWfKhZ,CLUSTER_0005,3Tk62XigK8QJnLgcA7oqsLkVV55coua,12,True
13g4rEvDmMqFKiPD966bXinYcCbdCDQ,CLUSTER_0014,13g4rEvDmMqFKiPD966bXinYcCbdCDQ,44,False
13jLkBj7tCj8x451QHSMqWGWWieUYz,CLUSTER_0015,bc1qeupad27zmn7vyucalvcjg4dtajmqf3twxtnd4n,31,False
13umBzAvdRzrxe7BZtGhY93TPPcdxWG2,CLUSTER_0015,bc1qeupad27zmn7vyucalvcjg4dtajmqf3twxtnd4n,31,False
13ytpCS6wcJUmX98RitmrZMNd7S,CLUSTER_0016,13ytpCS6wcJUmX98RitmrZMNd7S,29,False
142EVm1Gxfn3DnNXxGVkcLgLKEMQcy,CLUSTER_0017,142EVm1Gxfn3DnNXxGVkcLgLKEMQcy,29,False
143LTEkNt5KS6Df5bZ9D2HUQcerJJmVu,CLUSTER_0018,143LTEkNt5KS6Df5bZ9D2HUQcerJJmVu,45,False
14EoqwApcHPBkjkmC8zdE88QzDsEDFU,CLUSTER_0019,14EoqwApcHPBkjkmC8zdE88QzDsEDFU,26,False
14oUYWPgByhTg1DaKcGYEUcNVDhN,CLUSTER_0020,14oUYWPgByhTg1DaKcGYEUcNVDhN,38,False
153538zyX1Pew7jUie2F54yiShgjovB2ZD,CLUSTER_0021,153538zyX1Pew7jUie2F54yiShgjovB2ZD,23,False
15NZ3GvrArt15Q3Y7BaVZmVcaPC59PK,CLUSTER_0022,15NZ3GvrArt15Q3Y7BaVZmVcaPC59PK,4,False
15Rzadmus18GZvk82Shz8svuMQZ,CLUSTER_0023,15Rzadmus18GZvk82Shz8svuMQZ,5,False
15aCFFmdW96E3jWeCrfNa3gxuprUCw5G,CLUSTER_0024,bc1qrvlcz6m8l56tteqe9qxdxh0tnfcseqfqlpm9xx,31,True
15sTRDtB4tRxJCwUYnySuapZtCia9fpj,CLUSTER_0025,15sTRDtB4tRxJCwUYnySuapZtCia9fpj,5,False
16coyRrwkHSxSzhY5jGz2K4xM5tNhKVz1n,CLUSTER_0005,3Tk62XigK8QJnLgcA7oqsLkVV55coua,3,True
16e5AtgbnbRu9jPwfrf33MiGnnRM3ueB,CLUSTER_0026,16e5AtgbnbRu9jPwfrf33MiGnnRM3ueB,32,False
16fxZTzD1odykGzRir8QcWLmQBU57NfdJG,CLUSTER_0027,bc1qqenxc87axtx68hrajeqc3sma3c3kjlwy9jm0pj,24,False
16jXBXFdBkR7eMTftABQLAzSMKzKNmRjcZ,CLUSTER_0028,16jXBXFdBkR7eMTftABQLAzSMKzKNmRjcZ,43,False
16oBPEF2m4wvZypz1tWRh7mWJhEQ,CLUSTER_0029,16oBPEF2m4wvZypz1tWRh7mWJhEQ,18,False
16tHAApycAsxgGzRDPGhRQAery,CLUSTER_0030,16tHAApycAsxgGzRDPGhRQAery,10,False
16v6h35wTJrHvEKXE64enxwBYwtEo,CLUSTER_0031,16v6h35wTJrHvEKXE64enxwBYwtEo,44,False
17L8XVpHM1FH6RDG1TJjPKkDadGqfk,CLUSTER_0032,17L8XVpHM1FH6RDG1TJjPKkDadGqfk,18,False
17UHZR4GxMQvus8AafSzNG4nBQZE98h14n,CLUSTER_0033,17UHZR4GxMQvus8AafSzNG4nBQZE98h14n,44,False
17WSvEQYDE8CYkX8MtRWRZtz4MNGZZ,CLUSTER_0034,17WSvEQYDE8CYkX8MtRWRZtz4MNGZZ,7,False
17k6mJ8zh54RPSwS9hUX4MGtLyjPdLKzb,CLUSTER_0002,17wh93NZR3Nwy3MgfMZsykvEAo,4,False
17wh93NZR3Nwy3MgfMZsykvEAo,CLUSTER_0002,17wh93NZR3Nwy3MgfMZsykvEAo,4,False
199RsNgkKFx1V8mkrURszUtSZrhu,CLUSTER_0035,3ptTXXXAETXtw9nD8TgxL3JfgYxtVtHeWQ,35,False
19DFhXZnmnhJ5BG88p6qqKeJvk1gk,CLUSTER_0004,3kF96jYb26EbZihRTHsmARHDm6,35,False
19YUBTTDwkJrWfW2b1wpjcHisjcTn9Fyb,CLUSTER_0004,3kF96jYb26EbZihRTHsmARHDm6,35,False
19tZ6s3pAkJ2B2CRLVrnZMDysWem,CLUSTER_0036,19tZ6s3pAkJ2B2CRLVrnZMDysWem,22,False
1A1PvnHhjnfVCD4j4K3UvX4Wr4,CLUSTER_0037,1A1PvnHhjnfVCD4j4K3UvX4Wr4,4,False
1A7zyz1CXDkBUByru3J4VDUw4RAb,CLUSTER_0038,1A7zyz1CXDkBUByru3J4VDUw4RAb,7,False
1Ae7H3i5LLQfyB4YpLzBfjt1dHi4ia,CLUSTER_0039,1Ae7H3i5LLQfyB4YpLzBfjt1dHi4ia,20,False
1AqasZTZqfqWah3h8rMxiJ3RqBK,CLUSTER_0040,1AqasZTZqfqWah3h8rMxiJ3RqBK,3,False
1Av8rN53GMoAJzGg96LQdEDg3AB88EYx1,CLUSTER_0005,3Tk62XigK8QJnLgcA7oqsLkVV55coua,12,True
1AwYemqqKwf29WaLZeUG5YRb7btrAUP128,CLUSTER_0041,1AwYemqqKwf29WaLZeUG5YRb7btrAUP128,25,False
1Ay8FnLFMRozmXxmpmfJu91nDhY7Ede5cu,CLUSTER_0042,1Ay8FnLFMRozmXxmpmfJu91nDhY7Ede5cu,35,False
1C75CYDVaar7tnCocT1kbVBWWxJ,CLUSTER_0043,1C75CYDVaar7tnCocT1kbVBWWxJ,0,False
1CKBrGCNSmBtKJ84eRPBcmnfT9FQ,CLUSTER_0044,1CKBrGCNSmBtKJ84eRPBcmnfT9FQ,3,False
1Caq31diyrjbZHVVbcgpViXRK4tRU,CLUSTER_0045,1Caq31diyrjbZHVVbcgpViXRK4tRU,47,False
1CrafMfmeCr4cZeE9Gc15xAjX1jRqv8,CLUSTER_0046,1CrafMfmeCr4cZeE9Gc15xAjX1jRqv8,12,False
1Crc8Kz5DRasRDRgCfuyhbnNRmNkazvPE,CLUSTER_0047,1Crc8Kz5DRasRDRgCfuyhbnNRmNkazvPE,31,False
1D7JfiRkgfnY2ZuxKi9rPa3teeySHUB3,CLUSTER_0048,1D7JfiRkgfnY2ZuxKi9rPa3teeySHUB3,26,False
1DEkjtE1GxFUvxF4bKJtYh4a73uh2kD3ma,CLUSTER_0049,1DEkjtE1GxFUvxF4bKJtYh4a73uh2kD3ma,15,False
1DVBZ8cCe9tfcAe2igwJP8GTSeb,CLUSTER_0050,1DVBZ8cCe9tfcAe2igwJP8GTSeb,10,False
1DuGehTax4GihyHgcoRjhUtkrGKD5dx,CLUSTER_0051,1DuGehTax4GihyHgcoRjhUtkrGKD5dx,3,False
1DwRjh2Qvj2o1Z4N3cAWJd5penJ4uGgsU,CLUSTER_0052,1DwRjh2Qvj2o1Z4N3cAWJd5penJ4uGgsU,42,False
1EHm9J1FGoC1PPLSRjQd9zVEB2Kz,CLUSTER_0032,17L8XVpHM1FH6RDG1TJjPKkDadGqfk,18,False
1ESg7kWR9RaQ8QqvSD2ND6YrUHz,CLUSTER_0053,1ESg7kWR9RaQ8QqvSD2ND6YrUHz,1,False
1ErQS9trk2mCgSsL2WPSC95qgAQDM,CLUSTER_0054,1ErQS9trk2mCgSsL2WPSC95qgAQDM,44,False
1EthbTAj4tzxpt1CENWmzaH42oNogCjjc,CLUSTER_0055,1EthbTAj4tzxpt1CENWmzaH42oNogCjjc,31,False
1EwVsNYFRdKtm5Y17pCHoKT8fVW,CLUSTER_0056,1gucJY1HRaeTSDUuoA5WdLpkgEC2FUr5,10,True
1F5tcV3P66ANqiYP7Vr3WvWCBa5qq,CLUSTER_0057,1F5tcV3P66ANqiYP7Vr3WvWCBa5qq,6,False
1FoViTLjCsTTGbcaRXbNnyLUTc6,CLUSTER_0058,1FoViTLjCsTTGbcaRXbNnyLUTc6,4,False
1FsY6r5x1khDfJYeZnLQGv4jwJ,CLUSTER_0059,1FsY6r5x1khDfJYeZnLQGv4jwJ,3,False
1GMTuBeKaNuZA4UsKbdTQKArogcLSYRQMT,CLUSTER_0060,1GMTuBeKaNuZA4UsKbdTQKArogcLSYRQMT,31,False
1GPGkndgja934muKJWn6cCPNFyCE,CLUSTER_0005,3Tk62XigK8QJnLgcA7oqsLkVV55coua,12,True
1Gj6JzkdvmkVdX4M3L8SWRmBWs,CLUSTER_0061,1Gj6JzkdvmkVdX4M3L8SWRmBWs,22,False
1Gp3XhpQNfp9xtZBg9ZNL27m3e,CLUSTER_0062,1Gp3XhpQNfp9xtZBg9ZNL27m3e,4,False
1GsoYEWNyt9Aok2Rv7baAvSoqzxMLD,CLUSTER_0063,1GsoYEWNyt9Aok2Rv7baAvSoqzxMLD,3,False
1GvgDKm4poQ4uZiDVte99kYkRaMz9Vkr,CLUSTER_0064,1s2McQbqQgFizFh4VkKpnas4fZCBJqoQ,12,False
1HL2ojEmddqSdJiSpD9VFtiAA6EJ1PWg,CLUSTER_0065,3S67d7uKsDVG18wTHqhymSL2hf,35,False
1HMRK334kDUu6BxNJ61ZrLjMnXNeDPt,CLUSTER_0066,1HMRK334kDUu6BxNJ61ZrLjMnXNeDPt,29,False
1HaGQ1mqhAEbW8iiDapetaw6AyzmS4Brm,CLUSTER_0067,1HaGQ1mqhAEbW8iiDapetaw6AyzmS4Brm,26,False
1HpYh645Sb3zu6Qyaif52rfvt3X,CLUSTER_0068,1HpYh645Sb3zu6Qyaif52rfvt3X,20,False
1Hx4mBV1rvXCnWhcgMey6HQfQC1hvYjZaM,CLUSTER_0069,1Hx4mBV1rvXCnWhcgMey6HQfQC1hvYjZaM,38,False
1JDexC1JDqg4T7wf1bLNJcvdbgyVMFUo,CLUSTER_0070,1JDexC1JDqg4T7wf1bLNJcvdbgyVMFUo,44,False
1JMttpPQboVJV1UbjBJwGcYStaN,CLUSTER_0024,bc1qrvlcz6m8l56tteqe9qxdxh0tnfcseqfqlpm9xx,6,True
1JbRhM3sMzGyw5dNogx9cn34nNPZcg,CLUSTER_0071,1JbRhM3sMzGyw5dNogx9cn34nNPZcg,9,False
1JqaueoDg43janEMMsb2UfPqrqrjc,CLUSTER_0072,1JqaueoDg43janEMMsb2UfPqrqrjc,35,False
1Jsn2EyuMXiDWSpbtbXkGieKX7,CLUSTER_0073,1Jsn2EyuMXiDWSpbtbXkGieKX7,10,False
1KJRt8RpPUtAegS2h7ih2pP4Fhs,CLUSTER_0074,3AGBsFr2kSu5Mdh8sVPgpPZkZMtg,35,False
1KTmMiyJppXzKiewa37Xxm67jUFEs5,CLUSTER_0040,1AqasZTZqfqWah3h8rMxiJ3RqBK,3,False
1KnqETBkQGKzQJmts5buKPErgV57p,CLUSTER_0075,1KnqETBkQGKzQJmts5buKPErgV57p,4,False
1LCvy7DUHPSR1GEgVfhEU8hVRkrxoBTX,CLUSTER_0076,1LCvy7DUHPSR1GEgVfhEU8hVRkrxoBTX,23,False
1LmxQm2GzVMwSgf5coi59idjK71,CLUSTER_0077,1LmxQm2GzVMwSgf5coi59idjK71,41,False
1LofnkE4hV2gHVzHzrZzFSztAzC,CLUSTER_0078,1LofnkE4hV2gHVzHzrZzFSztAzC,22,False
1Lxu5fQZewt6nJGUh4bpCVT2zb,CLUSTER_0079,1Lxu5fQZewt6nJGUh4bpCVT2zb,33,False
1MQMnpVBa53APeUKrvbhkS27Sp1yPs6p,CLUSTER_0080,1MQMnpVBa53APeUKrvbhkS27Sp1yPs6p,7,False
1MQey9fStWnwpxjZJ3CpAHmmyARGjEy,CLUSTER_0081,1jh6VhnTfS2C9pCyyRXcGxXZdaDTuU,23,False
1MTGC5or68rEptnwASc223CdEJbNih,CLUSTER_0005,3Tk62XigK8QJnLgcA7oqsLkVV55coua,12,True
1MZ9SduMyCHDGBrFCBG6q8etLDT,CLUSTER_0082,1MZ9SduMyCHDGBrFCBG6q8etLDT,36,False
1Maa42vUu6ofuKQ6u6y7ojjEoiUC,CLUSTER_0004,3kF96jYb26EbZihRTHsmARHDm6,35,False
1MhWauvnHunBSiVcnCnrRm1b9Yffh,CLUSTER_0083,1MhWauvnHunBSiVcnCnrRm1b9Yffh,10,False
1NNKpberCCjhpCHJsqJqVbv1To1,CLUSTER_0084,1NNKpberCCjhpCHJsqJqVbv1To1,26,False
1NW7x1vyzWnyvdSzf5ozgSBG92,CLUSTER_0042,1Ay8FnLFMRozmXxmpmfJu91nDhY7Ede5cu,35,False
1NbVmukmmF7E2WmoS49Lc7ZmWfGruqsg,CLUSTER_0085,1NbVmukmmF7E2WmoS49Lc7ZmWfGruqsg,15,False
1NhJApEJNzNYdFFSPwuJoriPjMdMH5dGwv,CLUSTER_0086,1NhJApEJNzNYdFFSPwuJoriPjMdMH5dGwv,33,False
1NyWqtBvEBJCcXXUuLMoPUxBXs7B4F,CLUSTER_0087,1NyWqtBvEBJCcXXUuLMoPUxBXs7B4F,22,False
1PRUmwjFcwHiJ2wqq7mxGSGj2UWBx9,CLUSTER_0088,1PRUmwjFcwHiJ2wqq7mxGSGj2UWBx9,7,False
1PS9JuMvdUUAaTBXZMRmLL4RMbEGzbbMAY,CLUSTER_0089,1PS9JuMvdUUAaTBXZMRmLL4RMbEGzbbMAY,6,False
1PZCSFuiWVghevjF3pdgheGTgFb,CLUSTER_0090,1PZCSFuiWVghevjF3pdgheGTgFb,29,False
1PrrA3brtMatoQ77VzUJTHkRTWn9PaJ,CLUSTER_0091,1PrrA3brtMatoQ77VzUJTHkRTWn9PaJ,2,False
1PukSQyQoMrvkPz8MyNVvocBsMo,CLUSTER_0092,1PukSQyQoMrvkPz8MyNVvocBsMo,12,False
1Q2n7Qr5fYNxSK1nTwKH4cfWMebT5C,CLUSTER_0093,1Q2n7Qr5fYNxSK1nTwKH4cfWMebT5C,12,False
1Q2oM11Z7CWna6Tvoe1zebzVeaWjg,CLUSTER_0094,1Q2oM11Z7CWna6Tvoe1zebzVeaWjg,35,False
1QFDjt6vX9QGopw4visoP7T4dA,CLUSTER_0095,1QFDjt6vX9QGopw4visoP7T4dA,40,False
1QYBWeP8AGR1s6mswZoTqNUbGkZF1x2URx,CLUSTER_0096,1QYBWeP8AGR1s6mswZoTqNUbGkZF1x2URx,23,False
1Qc7jaZAiTT2qpRnMvnvjNbSxbuVUhnd,CLUSTER_0097,1Qc7jaZAiTT2qpRnMvnvjNbSxbuVUhnd,10,False
1QfNuTF42Zb1i442LWHVYitaFUQ6fM,CLUSTER_0005,3Tk62XigK8QJnLgcA7oqsLkVV55coua,4,True
1Qo88vs4wTfLF2KEN88dJFDSgouiu4R,CLUSTER_0024,bc1qrvlcz6m8l56tteqe9qxdxh0tnfcseqfqlpm9xx,10,True
1QsdQ6pn7N33qrAvoEYhQMuU7LxUZC,CLUSTER_0024,bc1qrvlcz6m8l56tteqe9qxdxh0tnfcseqfqlpm9xx,6,True
1Qwaa35fZKGfKG8eTvw1dZ6YW8M4F,CLUSTER_0005,3Tk62XigK8QJnLgcA7oqsLkVV55coua,4,True
1RzFL2FKDCbPGRBT5tZMaPK3NU1N7XT,CLUSTER_0098,1RzFL2FKDCbPGRBT5tZMaPK3NU1N7XT,26,False
1Sk8WaWcEgvHujkjakUtr87uLP3nrDgkt,CLUSTER_0099,1Sk8WaWcEgvHujkjakUtr87uLP3nrDgkt,31,False
1StK9J8LUq2PwFtZHUwF7akonFNxuX1,CLUSTER_0100,1StK9J8LUq2PwFtZHUwF7akonFNxuX1,2,False
1SzL2JPntLawzwZdQqekDC1YfMs8Tuvi,CLUSTER_0101,1SzL2JPntLawzwZdQqekDC1YfMs8Tuvi,6,False
1T5XbeAQU6SaQSB9heevzbpJVj2HEDxj,CLUSTER_0102,1T5XbeAQU6SaQSB9heevzbpJVj2HEDxj,35,False
1TALtcnecAyr6rVzbqHjjFKatb9a1y3Um,CLUSTER_0103,1TALtcnecAyr6rVzbqHjjFKatb9a1y3Um,13,False
1TFozSiFyfVopFHZiazXDwNm3T,CLUSTER_0104,1TFozSiFyfVopFHZiazXDwNm3T,17,False
1TS5gR4jZoD7voJcZC6MeEcTvC,CLUSTER_0005,3Tk62XigK8QJnLgcA7oqsLkVV55coua,4,True
1TbtuPjYCEgEjr5baNe91L25BR,CLUSTER_0062,1Gp3XhpQNfp9xtZBg9ZNL27m3e,4,False
1TkqHnVESiELt59P9DRLU4qPmw2taUwJP,CLUSTER_0105,1TkqHnVESiELt59P9DRLU4qPmw2taUwJP,23,False
1UU2EDYCorSUfkqNutwsXAzrGPKLH,CLUSTER_0106,1UU2EDYCorSUfkqNutwsXAzrGPKLH,4,False
1UbzcohhWw54idExvHKBXbeFG6,CLUSTER_0107,bc1qxgxgg6hjejg9caqp59uwk89smsuw34rnx3tppp,15,False
1UevBadV6MLfrLhHwpYTKKyQWzfY,CLUSTER_0108,1UevBadV6MLfrLhHwpYTKKyQWzfY,7,False
1VFjRV4SDpzzFdiBJx5EYcSK1t1vCpms,CLUSTER_0109,bc1q535dwrjh65m675a44r27s6q5z55rk5qazfnprh,31,False
1Vvp4HNZnMdLqvoxRZyDNyfhrRW,CLUSTER_0040,1AqasZTZqfqWah3h8rMxiJ3RqBK,3,False
1WYUVAaWe5bNub6HEbmhBxyu2k9r93cP7,CLUSTER_0110,1WYUVAaWe5bNub6HEbmhBxyu2k9r93cP7,3,False
1WcWPk4EWabgHoxAvJsMXbB7pgPpW4X3,CLUSTER_0111,1WcWPk4EWabgHoxAvJsMXbB7pgPpW4X3,12,True
1Wf7JJxFmvqKeimM9ECY4rmVcW3rDhu1D1,CLUSTER_0112,1Wf7JJxFmvqKeimM9ECY4rmVcW3rDhu1D1,31,False
1Wk1Fy1qrgiLfQ94Lvysi6vW5VboDPPEew,CLUSTER_0113,1Wk1Fy1qrgiLfQ94Lvysi6vW5VboDPPEew,10,False
1WmH85GMNNW8TbuU2GuTCqMPgJy,CLUSTER_0027,bc1qqenxc87axtx68hrajeqc3sma3c3kjlwy9jm0pj,24,False
1XBw3H1xbjFB4awZn2G1vC2cU6ZELg,CLUSTER_0005,3Tk62XigK8QJnLgcA7oqsLkVV55coua,12,True
1XS1L7rhUE6o6NJPpseg4ZcAMDkvc,CLUSTER_0114,1XS1L7rhUE6o6NJPpseg4ZcAMDkvc,8,False
1Xb2zc33s21bQYbhByt5UxAoHmqE3M,CLUSTER_0115,1Xb2zc33s21bQYbhByt5UxAoHmqE3M,10,False
1XdVS3G8HtV2doiK1QEq7we9wHhRU,CLUSTER_0010,1XdVS3G8HtV2doiK1QEq7we9wHhRU,15,False
1YAwZ5qDvKSdJeK13WMgG8yLmdAUw,CLUSTER_0116,1YAwZ5qDvKSdJeK13WMgG8yLmdAUw,22,False
1YHzsDquR4Bg9DXCGFqToe1TAW2Ffzekq,CLUSTER_0005,3Tk62XigK8QJnLgcA7oqsLkVV55coua,3,True
1YUzg35ju6VVPayqGBwBNwBVuJafNKyi,CLUSTER_0117,1YUzg35ju6VVPayqGBwBNwBVuJafNKyi,3,False
1YnX1K2vsqJ4sw5V5mm8UYGsRDYj,CLUSTER_0056,1gucJY1HRaeTSDUuoA5WdLpkgEC2FUr5,10,True
1YszRBNqWndmFeamQZ4PKM2q25mSa,CLUSTER_0118,1YszRBNqWndmFeamQZ4PKM2q25mSa,16,False
1ZLN7varfeBetvhHcPFGc2TK41Z69yMmpQ,CLUSTER_0119,1ZLN7varfeBetvhHcPFGc2TK41Z69yMmpQ,32,False
1ZhhQmtatk9CukPv96UATewxkYEGw,CLUSTER_0120,1ZhhQmtatk9CukPv96UATewxkYEGw,20,False
1a1t8vroBUU6PdYo98Wr4WzZFkqMEG,CLUSTER_0121,1a1t8vroBUU6PdYo98Wr4WzZFkqMEG,44,False
1aNuf27KJPqx6D43h4fTZ6xMxoz,CLUSTER_0122,1aNuf27KJPqx6D43h4fTZ6xMxoz,10,False
1aYw4ikrdG1Fz4n3cWoJqpvPczeeCb,CLUSTER_0123,1aYw4ikrdG1Fz4n3cWoJqpvPczeeCb,32,False
1aaoupAKn1h8r9hHGWvMTo5qf7xeP,CLUSTER_0124,1aaoupAKn1h8r9hHGWvMTo5qf7xeP,10,False
1b9hM8YZfsuCn99nicDExYSc7jCobQVAXJ,CLUSTER_0125,1b9hM8YZfsuCn99nicDExYSc7jCobQVAXJ,12,False
1cJun1xvePcN666nNpJ4xzoL1F,CLUSTER_0126,1cJun1xvePcN666nNpJ4xzoL1F,3,False
1cWZtpuDrcGeQYM8fAqnb7mxqqKnpwo,CLUSTER_0127,bc1qqjnwkjarwtjpv6s00kneccyndgkg8yj4wad02llmehjc2nuc20ef45pwze,22,False
1ceSW2yvKuenQinEL3pkGBZ5qYALSJ2,CLUSTER_0128,1ceSW2yvKuenQinEL3pkGBZ5qYALSJ2,16,False
1cvrUVkqbZgbn8LhyXc4dwsbEvKECyCLgH,CLUSTER_0129,1cvrUVkqbZgbn8LhyXc4dwsbEvKECyCLgH,44,False
1dCdHMfyexWhK7MUafRkqHroX29fCkAHFq,CLUSTER_0130,1dCdHMfyexWhK7MUafRkqHroX29fCkAHFq,14,False
1dKxayRPvr9fsmksiBwjhcaDgG987SnN,CLUSTER_0131,1dKxayRPvr9fsmksiBwjhcaDgG987SnN,37,False
1enXQQdYyPLpbnSnYEf5vaVbTZpBx57pmN,CLUSTER_0132,1enXQQdYyPLpbnSnYEf5vaVbTZpBx57pmN,21,False
1enc11oRUKYdBUDTcnnwumChtsiQUeLQLt,CLUSTER_0133,1enc11oRUKYdBUDTcnnwumChtsiQUeLQLt,40,False
1erzuHqQtv3e56oiGkQZKcPhTr,CLUSTER_0134,1erzuHqQtv3e56oiGkQZKcPhTr,5,False
1f4et9btzosZ1HqHku5a1WD8iFzbzKFA,CLUSTER_0135,1f4et9btzosZ1HqHku5a1WD8iFzbzKFA,19,False
1fGTnd6EiDcjcTRbYUZLKp9rVXAPQfa5,CLUSTER_0136,1fGTnd6EiDcjcTRbYUZLKp9rVXAPQfa5,0,False
1fRTw1r9UckKu4HN4wBEampA2Gv,CLUSTER_0137,1fRTw1r9UckKu4HN4wBEampA2Gv,26,False
1frfcT3i3VTcsnszCMSoSjmqft6LdgmSuM,CLUSTER_0138,1frfcT3i3VTcsnszCMSoSjmqft6LdgmSuM,30,False
1g5CziLSc23BQnrZ8FPDRSXCheN,CLUSTER_0139,1g5CziLSc23BQnrZ8FPDRSXCheN,31,False
1g5dTFmDaNj3DNKzHDRtb5HftJ6HKCVm7V,CLUSTER_0140,1g5dTFmDaNj3DNKzHDRtb5HftJ6HKCVm7V,23,False
1gDe5BJo9WdChDdE9VRatpgVeJus,CLUSTER_0024,bc1qrvlcz6m8l56tteqe9qxdxh0tnfcseqfqlpm9xx,6,True
1gXCASiymHMBU1crY8Uq5gAcRtdKAjKLg,CLUSTER_0141,bc1qc4yr5peptya2dxeutsg9a77fmewzc844vm3zvg,22,False
1gfapw7E2tZvD4puJQ9wJV6t8TfkwRk,CLUSTER_0142,1gfapw7E2tZvD4puJQ9wJV6t8TfkwRk,23,False
1gr5pSbWSKrJe2rQ9pv5TVcTHYby,CLUSTER_0029,16oBPEF2m4wvZypz1tWRh7mWJhEQ,18,False
1gucJY1HRaeTSDUuoA5WdLpkgEC2FUr5,CLUSTER_0056,1gucJY1HRaeTSDUuoA5WdLpkgEC2FUr5,10,True
1gz6QLrFCTRHFvSrY3zqyvrAVD,CLUSTER_0024,bc1qrvlcz6m8l56tteqe9qxdxh0tnfcseqfqlpm9xx,31,True
1hDrBqjtLgnGwrEH9LpsbFxU4PeD3z,CLUSTER_0024,bc1qrvlcz6m8l56tteqe9qxdxh0tnfcseqfqlpm9xx,6,True
1havNy8PjJ8VZTDPQLpP3PS13jt6dG1,CLUSTER_0143,1havNy8PjJ8VZTDPQLpP3PS13jt6dG1,11,False
1iFSvX56cehL9ao92dof4CmHQSN,CLUSTER_0144,1iFSvX56cehL9ao92dof4CmHQSN,26,False
1iMhQknM9VBtpKCKUZg7Ap1JPiDWXa,CLUSTER_0145,1iMhQknM9VBtpKCKUZg7Ap1JPiDWXa,22,False
1iNhh8oZ3WYzedEvjxrJzBLsCNm6,CLUSTER_0146,bc1qcx5zv5s92lap7fevvkxpveym8vyylvhl0ppvd7,31,False
1iPQ9gtrtnDohTZv88TXZKkSptRuS,CLUSTER_0005,3Tk62XigK8QJnLgcA7oqsLkVV55coua,12,True
1iT4Zmt5JSMcNQzFkWvfDw12MqMLnEUUo2,CLUSTER_0147,1iT4Zmt5JSMcNQzFkWvfDw12MqMLnEUUo2,12,False
1iqHopjTpT2vZTmk81m7UcXAT5ZKirqC2,CLUSTER_0148,1iqHopjTpT2vZTmk81m7UcXAT5ZKirqC2,24,False
1jNP7ba1hEzpgTjxUrmxcB1snQ,CLUSTER_0149,3KZPSnREY5HKirvwsYhkyGEn64hsd3yDw,22,False
1jh6VhnTfS2C9pCyyRXcGxXZdaDTuU,CLUSTER_0081,1jh6VhnTfS2C9pCyyRXcGxXZdaDTuU,23,False
1jy8ExeUvX5LHjqSn7JkCcuvfyRRR4B,CLUSTER_0150,1jy8ExeUvX5LHjqSn7JkCcuvfyRRR4B,45,False
1k1MkBRyXSQq1LSAhumUXpJpxhzTjQ,CLUSTER_0101,1SzL2JPntLawzwZdQqekDC1YfMs8Tuvi,6,False
1k3JNyh8ySPyoiBz38HBEx6zKzf,CLUSTER_0151,1k3JNyh8ySPyoiBz38HBEx6zKzf,6,False
1kJnLGJrUsaw5tWsPJ4r8CQauTKin,CLUSTER_0152,1kJnLGJrUsaw5tWsPJ4r8CQauTKin,14,False
1kZP5wccCjxTbuWo3ZCpsDjxjpx,CLUSTER_0153,1kZP5wccCjxTbuWo3ZCpsDjxjpx,22,False
1krn6ciaYKzzmJ255UN4ETkCeB4AfpP,CLUSTER_0154,1krn6ciaYKzzmJ255UN4ETkCeB4AfpP,18,False
1m8P1rS68RL3cvfQs1bCZ4FKLmB,CLUSTER_0155,1m8P1rS68RL3cvfQs1bCZ4FKLmB,3,False
1mQv18L37NvUfnDhBpJ5k2c88kQ1d,CLUSTER_0156,1mQv18L37NvUfnDhBpJ5k2c88kQ1d,40,False
1mg5mKnSFhBRfAsjRGTVKAuZ25QY9c2N,CLUSTER_0157,1mg5mKnSFhBRfAsjRGTVKAuZ25QY9c2N,26,False
1nBGhkvxki68avckzwW5GuSU7CgcC3o9j,CLUSTER_0158,3FpwSfz4doJM8AWwaH1SKBea6i,24,False
1nR4PzXyr1igYGe7STxsGWBusJec,CLUSTER_0012,13PQzRnL2eeLvg4DRdMhbW3zxtvK5aH,35,False
1nVypTXgPaQzVXqgUyGa7ducmq7oKx,CLUSTER_0159,1nVypTXgPaQzVXqgUyGa7ducmq7oKx,18,False
1oARHSsssNoVzKMxuVqgKkcyGSJRApai,CLUSTER_0160,1oARHSsssNoVzKMxuVqgKkcyGSJRApai,37,False
1oaPFyahg9mFVgLym4M9Y7VKZeMt,CLUSTER_0161,1oaPFyahg9mFVgLym4M9Y7VKZeMt,43,False
1ocdXH5NKpyrfBkxBXBxZ8PQyxaQBLcb,CLUSTER_0162,1ocdXH5NKpyrfBkxBXBxZ8PQyxaQBLcb,11,False
1pACYFm3avYRJ3xs9uDRii7NBZBbFApb6,CLUSTER_0163,1pACYFm3avYRJ3xs9uDRii7NBZBbFApb6,35,False
1pLRfWcr72aP7mr3H2A4kqn18nnwtm,CLUSTER_0164,1pLRfWcr72aP7mr3H2A4kqn18nnwtm,10,False
1pY1hWPidiZdYTCuFfVJo7MYCnYLQq,CLUSTER_0165,1pY1hWPidiZdYTCuFfVJo7MYCnYLQq,10,False
1pfAaJCiTCzSpcFLaVT36evMqnPprRBc,CLUSTER_0166,1pfAaJCiTCzSpcFLaVT36evMqnPprRBc,36,False
1pq8mFmSj2TmXyUgKKd3wXFeCtsD7d,CLUSTER_0167,1pq8mFmSj2TmXyUgKKd3wXFeCtsD7d,43,False
1psjTxQ3doGvWQBoL3cY2cskDf1mepU,CLUSTER_0168,1psjTxQ3doGvWQBoL3cY2cskDf1mepU,30,False
1pyhJVBtdLikh4WW9xCXYVLYr4XP5,CLUSTER_0169,1pyhJVBtdLikh4WW9xCXYVLYr4XP5,42,False
1pz1BwvTzaHZC3RybUP7BMo4rHYGnvgC,CLUSTER_0170,1pz1BwvTzaHZC3RybUP7BMo4rHYGnvgC,44,False
1q5tY6pwbFDwFfkCfkgWvB7GAReLqU9gt,CLUSTER_0171,1q5tY6pwbFDwFfkCfkgWvB7GAReLqU9gt,31,False
1q8Sw5BNDwmg4fDkydcLmFnHf4AgC,CLUSTER_0172,1q8Sw5BNDwmg4fDkydcLmFnHf4AgC,31,False
1qJjKYDgotMyH2zdqaPbskhK2R,CLUSTER_0173,1qJjKYDgotMyH2zdqaPbskhK2R,46,False
1qLWKi1VAAeyFjYZ7gu8M6ApFRCP2t,CLUSTER_0174,1qLWKi1VAAeyFjYZ7gu8M6ApFRCP2t,35,False
1qXZxJLwfe4NpQNr9Bi7FUmSUc4iH,CLUSTER_0175,1qXZxJLwfe4NpQNr9Bi7FUmSUc4iH,1,False
1qZ8quP8Q1iabFY2fnczLozL6acQ4wRn,CLUSTER_0040,1AqasZTZqfqWah3h8rMxiJ3RqBK,3,False
1qdGZxC6Sdb2iv5Pk8TdMEuJYFnnmfGw,CLUSTER_0176,1qdGZxC6Sdb2iv5Pk8TdMEuJYFnnmfGw,5,False
1qen8Hqh9hT15FqYjX7HJ3RoT7u,CLUSTER_0177,1qen8Hqh9hT15FqYjX7HJ3RoT7u,9,False
1qgWArxzttEe5xoTuT3DiLSfRm,CLUSTER_0178,1qgWArxzttEe5xoTuT3DiLSfRm,7,False
1qhcze1pJfw877ZGciCdGVur6RH1mdGjY,CLUSTER_0179,1qhcze1pJfw877ZGciCdGVur6RH1mdGjY,35,False
1rbs6LsNURXXiLL34WajrcrGWPgLpm,CLUSTER_0056,1gucJY1HRaeTSDUuoA5WdLpkgEC2FUr5,10,True
1rcojYyNZqcrah3EH5E6HdNNDGwecAj,CLUSTER_0056,1gucJY1HRaeTSDUuoA5WdLpkgEC2FUr5,22,True
1rkMpNbgezYyjXZG5HaCm5KkiKxAk8XPh,CLUSTER_0180,1rkMpNbgezYyjXZG5HaCm5KkiKxAk8XPh,10,False
1rrj9DeiRYhfVAZZbPcnzsbVYcxFG9W,CLUSTER_0181,1rrj9DeiRYhfVAZZbPcnzsbVYcxFG9W,28,False
1s2McQbqQgFizFh4VkKpnas4fZCBJqoQ,CLUSTER_0064,1s2McQbqQgFizFh4VkKpnas4fZCBJqoQ,12,False
1sS8B8pQSLqfSri7gBPPt6AML8cEmQsa5,CLUSTER_0005,3Tk62XigK8QJnLgcA7oqsLkVV55coua,3,True
1sVhowbMbcFMbju76BuwkFZB2r,CLUSTER_0182,1sVhowbMbcFMbju76BuwkFZB2r,26,False
1tqPbAZdugivVgomBugUC5tAGoY8f,CLUSTER_0183,1tqPbAZdugivVgomBugUC5tAGoY8f,3,False
1txzc1NXcUrAGW3NZuzELxQWb4mZtcnJ,CLUSTER_0184,1txzc1NXcUrAGW3NZuzELxQWb4mZtcnJ,35,False
1u3wURyiYSRsiyk8qzwctvnA83pmDQ7P,CLUSTER_0185,1u3wURyiYSRsiyk8qzwctvnA83pmDQ7P,10,False
1uBYezCW6EHtBWkGb4yWzjn1jNcujGX4Y,CLUSTER_0005,3Tk62XigK8QJnLgcA7oqsLkVV55coua,4,True
1uPsxgZe4i2aM2SSRSMGuGADaWXC3P,CLUSTER_0186,1uPsxgZe4i2aM2SSRSMGuGADaWXC3P,44,False
1ucfjbp5Ma7f4fiCGwXs3AfR9cwf8LLY,CLUSTER_0141,bc1qc4yr5peptya2dxeutsg9a77fmewzc844vm3zvg,22,False
1up5AJkaH8ghwWV53SKF6xqaxzfG,CLUSTER_0015,bc1qeupad27zmn7vyucalvcjg4dtajmqf3twxtnd4n,31,False
1uzSauKViKZrw4Tjavs4NeK8zLW1sRNc,CLUSTER_0187,1uzSauKViKZrw4Tjavs4NeK8zLW1sRNc,12,False
1vKvchLrDtZqwhpR3c7z5JncdJboFr,CLUSTER_0188,1vKvchLrDtZqwhpR3c7z5JncdJboFr,6,False
1vWyV43oQe72R33TCYeSjWC1FqMDvLH,CLUSTER_0189,1vWyV43oQe72R33TCYeSjWC1FqMDvLH,7,False
1vXrBtboNbJD2jXpHfiPmXVKkSX8eobg,CLUSTER_0190,1vXrBtboNbJD2jXpHfiPmXVKkSX8eobg,15,False
1vctdddPWKJnV1XxruJo2rsCAHYSBVv,CLUSTER_0187,1uzSauKViKZrw4Tjavs4NeK8zLW1sRNc,12,False
1vs8KX9738sqkvHscmGKtKzm9rfo49E3G,CLUSTER_0191,1vs8KX9738sqkvHscmGKtKzm9rfo49E3G,47,False
1vsU66CNWB9WCuymY5DdXYdhVbLdco,CLUSTER_0192,1vsU66CNWB9WCuymY5DdXYdhVbLdco,19,False
1wRLUkejxHrJoJFiKxfUcr64VCA,CLUSTER_0193,1wRLUkejxHrJoJFiKxfUcr64VCA,11,False
1weHRtF7gwYr3VRqkTN7oXzGhKr,CLUSTER_0194,1weHRtF7gwYr3VRqkTN7oXzGhKr,31,False
1wh5A64sY2Qm5GAetJFHd8q2frKUyY,CLUSTER_0195,1wh5A64sY2Qm5GAetJFHd8q2frKUyY,38,False
1wuVVAnCNS5GhQhkxdR2APwfxp,CLUSTER_0196,1wuVVAnCNS5GhQhkxdR2APwfxp,12,False
1x6obACiSSbGK7PCMupTtxFQcsxXQ7,CLUSTER_0197,1x6obACiSSbGK7PCMupTtxFQcsxXQ7,5,False
1xLsH3YWtCV4oCJ6nXJ8m1iR4nVrJ96,CLUSTER_0198,1xLsH3YWtCV4oCJ6nXJ8m1iR4nVrJ96,15,False
1xUbR5s3FtX4qK9UACtpcT2KwG,CLUSTER_0199,1xUbR5s3FtX4qK9UACtpcT2KwG,31,False
1yRWQmKUXVMHi5VPTjgqEQzRrtowN1g,CLUSTER_0200,1yRWQmKUXVMHi5VPTjgqEQzRrtowN1g,47,False
1yWj1hVNVokFedMbeeRBdgPJ9KYY,CLUSTER_0201,1yWj1hVNVokFedMbeeRBdgPJ9KYY,12,False
1yvtJ9kTtMWvaSWS1BpG3UU6qqP,CLUSTER_0202,1yvtJ9kTtMWvaSWS1BpG3UU6qqP,32,False
1yyufehee9VLbiQCcDA7Mf3cy7dbBjGv,CLUSTER_0203,1yyufehee9VLbiQCcDA7Mf3cy7dbBjGv,31,False
1zFKWvmNYpfZR77HN5rRULQft6tTNjJ,CLUSTER_0204,1zFKWvmNYpfZR77HN5rRULQft6tTNjJ,6,False
1zJxhTJzr7PMJh2qP1snyukqumEoDCF,CLUSTER_0122,1aNuf27KJPqx6D43h4fTZ6xMxoz,10,False
1zLnj92bDhW8YEH2TJYYD3LzMnn8,CLUSTER_0205,1zLnj92bDhW8YEH2TJYYD3LzMnn8,10,False
1zTwFbUDeWFSP2VaVpvynkgHzfS9Qwtjy,CLUSTER_0206,1zTwFbUDeWFSP2VaVpvynkgHzfS9Qwtjy,10,False
1zVcYAkvC22W9s7DKDjwGUxMYJkVWQC,CLUSTER_0207,1zVcYAkvC22W9s7DKDjwGUxMYJkVWQC,5,False
1zdvd1RkPjNsdFSJ6pooXVxdP1,CLUSTER_0015,bc1qeupad27zmn7vyucalvcjg4dtajmqf3twxtnd4n,31,False
31Bb8oQYvzgV3PNqkpJAupV86wKGxLLk,CLUSTER_0005,3Tk62XigK8QJnLgcA7oqsLkVV55coua,4,True
31LgcHSv8ZNRZq7BGNsuvNpys5uH7Mui,CLUSTER_0208,31LgcHSv8ZNRZq7BGNsuvNpys5uH7Mui,37,False
31TqHy1wUbqPMdaW3jZJP89ZHS,CLUSTER_0209,31TqHy1wUbqPMdaW3jZJP89ZHS,48,False
31g3EAvWSnhwEkTSkhdJ6YrN28mcG,CLUSTER_0210,31g3EAvWSnhwEkTSkhdJ6YrN28mcG,18,False
31yxnGQhE3SzP9zXb42q65z7tzFf,CLUSTER_0211,31yxnGQhE3SzP9zXb42q65z7tzFf,32,False
32KCqLYXLeBZxGyXVyVhisvMdw,CLUSTER_0212,32KCqLYXLeBZxGyXVyVhisvMdw,4,False
32WBHvxqN5xMTsWqsNLZbinARFK,CLUSTER_0005,3Tk62XigK8QJnLgcA7oqsLkVV55coua,4,True
32n81GRUrS4wFrZo4B37Hib7PM2yxWb,CLUSTER_0213,32n81GRUrS4wFrZo4B37Hib7PM2yxWb,31,False
331Ws5huqLGpguwk67YxhHr5a5uGhLNUSP,CLUSTER_0024,bc1qrvlcz6m8l56tteqe9qxdxh0tnfcseqfqlpm9xx,6,True
33G4NwmWA3FufbdpcmmH9VbjDJe7KWvCA,CLUSTER_0214,33G4NwmWA3FufbdpcmmH9VbjDJe7KWvCA,18,False
33GLaguKmfefnNoWZ1tLr8PkeGFbD,CLUSTER_0064,1s2McQbqQgFizFh4VkKpnas4fZCBJqoQ,12,False
33MMiDsCXTyyQPaHJTu2TKLgPn,CLUSTER_0215,33MMiDsCXTyyQPaHJTu2TKLgPn,35,False
33TGco7k1ZQpsiYYsxb77WJVGZJ,CLUSTER_0216,33TGco7k1ZQpsiYYsxb77WJVGZJ,31,False
34aDUs6wD9bWbpbq3N1fnydwVRSz,CLUSTER_0005,3Tk62XigK8QJnLgcA7oqsLkVV55coua,4,True
35L6oBs11XWkeveJnJTSAWKxnxg5,CLUSTER_0217,35L6oBs11XWkeveJnJTSAWKxnxg5,6,False
35vmZ6oh6KemUw9tFNBvLrKV47UrHMaWQi,CLUSTER_0218,35vmZ6oh6KemUw9tFNBvLrKV47UrHMaWQi,21,False
36K6vMm7P95FGY7YsvLa4CbtNN,CLUSTER_0219,36K6vMm7P95FGY7YsvLa4CbtNN,35,False
36UyfH4ioFEUgfoUWJzN3ZSeYZ5aspGVyL,CLUSTER_0220,3yt2WtZXX6PET5tgYmVnpu8PMJXSXRmdu,40,False
36t1QbJweYUpC18y6Vt627e378DD6x,CLUSTER_0005,3Tk62XigK8QJnLgcA7oqsLkVV55coua,3,True
37ihAxXniA8nGtm2oG4ia5TMVZNF,CLUSTER_0221,37ihAxXniA8nGtm2oG4ia5TMVZNF,8,False
37v89GB5quD6oQVdDRtdTAJufdr,CLUSTER_0222,37v89GB5quD6oQVdDRtdTAJufdr,5,False
39BEBcpd1A3nVCwpnueRGoTEwjH2oVn,CLUSTER_0223,39BEBcpd1A3nVCwpnueRGoTEwjH2oVn,49,False
3A3ExP33nB9cbePUK8dZD6Uyc3W,CLUSTER_0224,3A3ExP33nB9cbePUK8dZD6Uyc3W,3,False
3A5MbTyQ1XkK7ZSJyESCSXMTJkgMeN77,CLUSTER_0024,bc1qrvlcz6m8l56tteqe9qxdxh0tnfcseqfqlpm9xx,10,True
3AGBsFr2kSu5Mdh8sVPgpPZkZMtg,CLUSTER_0074,3AGBsFr2kSu5Mdh8sVPgpPZkZMtg,35,False
3AKQm3e31nnGgTMdYiERW3tqfS,CLUSTER_0225,3AKQm3e31nnGgTMdYiERW3tqfS,1,False
3ApJyDSJJgfssDaDUexaBu9KjUJB,CLUSTER_0226,bc1q7erycej56hudj00mnt8q8m3cscxnr840tcf870,15,False
3AqbopBfGjLTbEP7CrWR96Uc3nW7U8cpu,CLUSTER_0227,3AqbopBfGjLTbEP7CrWR96Uc3nW7U8cpu,38,False
3BtNSGTEG4kf5LYybZqpRYsUtU5uiWuo,CLUSTER_0228,3BtNSGTEG4kf5LYybZqpRYsUtU5uiWuo,14,False
3BvohhNfRqdeRDJxrz1kyoNRRLC85,CLUSTER_0229,3BvohhNfRqdeRDJxrz1kyoNRRLC85,22,False
3C3r9kCGCvVZ226uqtBWJrcN1oqVZ3CbNG,CLUSTER_0230,3C3r9kCGCvVZ226uqtBWJrcN1oqVZ3CbNG,3,False
3CadqxZRovcwGMJGKP5DYNtJBqAf8rCT,CLUSTER_0231,3CadqxZRovcwGMJGKP5DYNtJBqAf8rCT,26,False
3D2Ty7rjppBPuXmBEAZ4oAYjHP1e,CLUSTER_0232,3D2Ty7rjppBPuXmBEAZ4oAYjHP1e,18,False
3D2g5YWmYXBtw1rLBsWcX1rZZpdbmX,CLUSTER_0233,3D2g5YWmYXBtw1rLBsWcX1rZZpdbmX,10,False
3DMcr3URoFCwZg4Ln7ypCpwHtE,CLUSTER_0234,3DMcr3URoFCwZg4Ln7ypCpwHtE,15,False
3DXJT7LVX3KW9eUE4xEj4SuX9ikcdVytjE,CLUSTER_0235,3DXJT7LVX3KW9eUE4xEj4SuX9ikcdVytjE,35,False
3EmvezXBYtNi1yXmVxbWTZZBHGACLa,CLUSTER_0210,31g3EAvWSnhwEkTSkhdJ6YrN28mcG,18,False
3FYcZp39e3rfqJv3RBfchbnBTa,CLUSTER_0236,3FYcZp39e3rfqJv3RBfchbnBTa,46,False
3FaKFpAvshHkB1nWfYMe3bzM7SP,CLUSTER_0237,3FaKFpAvshHkB1nWfYMe3bzM7SP,3,False
3FpwSfz4doJM8AWwaH1SKBea6i,CLUSTER_0158,3FpwSfz4doJM8AWwaH1SKBea6i,24,False
3FpyeVAoAiVvYe42rwfmQqEi1WNcfcV,CLUSTER_0238,3FpyeVAoAiVvYe42rwfmQqEi1WNcfcV,41,False
3GdndiQFcmjGDui2hsjsYjVAKJgNj3,CLUSTER_0005,3Tk62XigK8QJnLgcA7oqsLkVV55coua,4,True
3HX7j2SDdqGSimSDqk7RLfcQ3h8h,CLUSTER_0239,3HX7j2SDdqGSimSDqk7RLfcQ3h8h,22,False
3JTJPBzKQvDxRpt1pBLsj6dfz7rBY52h59,CLUSTER_0240,3JTJPBzKQvDxRpt1pBLsj6dfz7rBY52h59,10,False
3JocAC6vcBmmXefUSSNKuUMJceieJz,CLUSTER_0241,3JocAC6vcBmmXefUSSNKuUMJceieJz,34,False
3JsvSPYS1R5GRa9wbeUQ73FsnK2,CLUSTER_0242,3JsvSPYS1R5GRa9wbeUQ73FsnK2,24,False
3JzrcvdZaLPvRSJLGuvkJF5ucPvbkFhr,CLUSTER_0243,3JzrcvdZaLPvRSJLGuvkJF5ucPvbkFhr,26,False
3K2dVYPACiWHEBac8Zg3B6z9poKAE,CLUSTER_0244,3K2dVYPACiWHEBac8Zg3B6z9poKAE,31,False
3K7oYxg9QYaeuFmgBWJTgRxykfW5,CLUSTER_0245,3K7oYxg9QYaeuFmgBWJTgRxykfW5,31,False
3KZPSnREY5HKirvwsYhkyGEn64hsd3yDw,CLUSTER_0149,3KZPSnREY5HKirvwsYhkyGEn64hsd3yDw,22,False
3LJr1AjvvBhqAgqAnjwfFshD4PxE,CLUSTER_0246,3LJr1AjvvBhqAgqAnjwfFshD4PxE,24,False
3LP4qkrPd9oonAXJcZtpfks4178KWesnC,CLUSTER_0247,3LP4qkrPd9oonAXJcZtpfks4178KWesnC,22,False
3MrL9duuLmB7Gv1cqEfF8i8ctva,CLUSTER_0248,3MrL9duuLmB7Gv1cqEfF8i8ctva,4,False
3NEFfmWHPf6uhL3gYGRYcDpn1nLAp,CLUSTER_0249,3NEFfmWHPf6uhL3gYGRYcDpn1nLAp,39,False
3NTgh9zVJv5qjMLnXM6iT43i2L7ovjWZL,CLUSTER_0250,3NTgh9zVJv5qjMLnXM6iT43i2L7ovjWZL,8,False
3PZHQP6DH3UGEBKBjyfbauzS1iuARzf2,CLUSTER_0251,3PZHQP6DH3UGEBKBjyfbauzS1iuARzf2,32,False
3PZrFNoHUc3qKZFG1VX2rRNz1w,CLUSTER_0252,3PZrFNoHUc3qKZFG1VX2rRNz1w,15,False
3Q9WMP1dfjR8TKaqxwSHdZibrZfy,CLUSTER_0253,3Q9WMP1dfjR8TKaqxwSHdZibrZfy,3,False
3QAA5srcvVRNHB6x14AWwpGTmNHdL,CLUSTER_0254,3QAA5srcvVRNHB6x14AWwpGTmNHdL,4,False
3QSdv1mBT8kE7weyWQhDykHESMtYae,CLUSTER_0004,3kF96jYb26EbZihRTHsmARHDm6,35,False
3QdQGsxvSmcZQ1BRacq2KQynjcJkBY,CLUSTER_0255,3QdQGsxvSmcZQ1BRacq2KQynjcJkBY,12,False
3REcS2qvbxSV4LiipYv8giSg6B,CLUSTER_0256,3REcS2qvbxSV4LiipYv8giSg6B,1,False
3RTAyULyEEK1PArQCG4Gs6QCtzBsDAsZBD,CLUSTER_0005,3Tk62XigK8QJnLgcA7oqsLkVV55coua,3,True
3RU2s2sRMJSC6KUDn4bne3rjoNMWFHGFz,CLUSTER_0257,3RU2s2sRMJSC6KUDn4bne3rjoNMWFHGFz,16,False
3RjYKhmeBSe1CJa7Fime8bQwTs8BbKH,CLUSTER_0258,3RjYKhmeBSe1CJa7Fime8bQwTs8BbKH,47,False
3RuWcHnVcnqyMQAYugUE167aVxn5,CLUSTER_0259,3RuWcHnVcnqyMQAYugUE167aVxn5,14,False
3S67d7uKsDVG18wTHqhymSL2hf,CLUSTER_0065,3S67d7uKsDVG18wTHqhymSL2hf,35,False
3S92iyhTC3TFTE53sMXGJoBh2ZBXXMR,CLUSTER_0260,3S92iyhTC3TFTE53sMXGJoBh2ZBXXMR,32,False
3SXaP4XsE9t8fb7NpTAwBhQ3TM,CLUSTER_0107,bc1qxgxgg6hjejg9caqp59uwk89smsuw34rnx3tppp,15,False
3Shu3oJN9XZnA5scEu9TFF1ougA,CLUSTER_0261,bc1qsju5wxgefy9k00gcgve8ffpdv3syfd74ttxw8u,31,False
3Ta5HbTxqRecvbuBEio6YernuwmfxPr,CLUSTER_0262,3Ta5HbTxqRecvbuBEio6YernuwmfxPr,31,False
3Tk62XigK8QJnLgcA7oqsLkVV55coua,CLUSTER_0005,3Tk62XigK8QJnLgcA7oqsLkVV55coua,3,True
3Tuq7QqffdfGruYy5NhcWWzauu5S2qWbHf,CLUSTER_0263,3Tuq7QqffdfGruYy5NhcWWzauu5S2qWbHf,32,False
3Tx7bQXxZpS9iVjHjKMNTDtoUtzsXHXDv,CLUSTER_0264,3Tx7bQXxZpS9iVjHjKMNTDtoUtzsXHXDv,31,False
3UEiVyxcsCdLUg1hFtcaQRioJPXGgFZKmo,CLUSTER_0005,3Tk62XigK8QJnLgcA7oqsLkVV55coua,3,True
3UrWPVycMyK23qMk2tL6MMMfFebu4JL2K,CLUSTER_0265,3UrWPVycMyK23qMk2tL6MMMfFebu4JL2K,47,False
3UzSztahg6RjKQoJzTac2JWdViT8,CLUSTER_0004,3kF96jYb26EbZihRTHsmARHDm6,35,False
3VE9ZbhK9hmZvPrb2TuG5msBgE55d3,CLUSTER_0266,3VE9ZbhK9hmZvPrb2TuG5msBgE55d3,12,False
3ViUfkV18eaRAHLSzHCh1cVd3zy,CLUSTER_0267,bc1q20fq8xthsdwjn9yffad5rg7tsxlzjzymvxa6lwck03jm9s84ttxg3985r2,6,False
3WJgHikAcGFNes3eP8qTww1BpgNofG,CLUSTER_0081,1jh6VhnTfS2C9pCyyRXcGxXZdaDTuU,23,False
3WUVAkKLHWYNp5Sa6VKyk2Q3Ypnx,CLUSTER_0268,3WUVAkKLHWYNp5Sa6VKyk2Q3Ypnx,14,False
3XD4dmJ2ibucP2qkHJyGB8DLQi8byu,CLUSTER_0269,3XD4dmJ2ibucP2qkHJyGB8DLQi8byu,35,False
3XgzK114QXgMjF2c4btDb8x6cNmeo,CLUSTER_0270,3XgzK114QXgMjF2c4btDb8x6cNmeo,21,False
3XiJpNgyaojg2UynnaiaAdcq9g2w72K9hQ,CLUSTER_0271,3XiJpNgyaojg2UynnaiaAdcq9g2w72K9hQ,41,False
3YDp8h4EuYp111FwsLJjtZq7JsSj9MY3j,CLUSTER_0272,3YDp8h4EuYp111FwsLJjtZq7JsSj9MY3j,15,False
3YGQShmUCPaZzXFGRga7QNCLfm,CLUSTER_0273,3YGQShmUCPaZzXFGRga7QNCLfm,43,False
3YPrVTpTvBHXLTAuPeyQdc9czbjwKFaU6N,CLUSTER_0274,3YPrVTpTvBHXLTAuPeyQdc9czbjwKFaU6N,0,False
3YPvWtsHnRwWpHJbzV9YMZYTKBhaEm3kh,CLUSTER_0275,3YPvWtsHnRwWpHJbzV9YMZYTKBhaEm3kh,3,False
3ZyqosPkKxdGvhBgKH5Xogfmh5PTW2L4Ze,CLUSTER_0276,3ZyqosPkKxdGvhBgKH5Xogfmh5PTW2L4Ze,17,False
3bjnjFKZUyZTVcNn18FBXsFcFKbk,CLUSTER_0277,3bjnjFKZUyZTVcNn18FBXsFcFKbk,11,False
3bm9HDNNHwAdUSJkh9HPd2DJaGikzQ,CLUSTER_0278,3bm9HDNNHwAdUSJkh9HPd2DJaGikzQ,0,False
3cZNWiZtTCgjcPX2wKgfQM7PtzeJUzNG,CLUSTER_0279,3cZNWiZtTCgjcPX2wKgfQM7PtzeJUzNG,22,False
3cgt1RgerKqQ8XVX3i3vXKPLtozEgxvCL4,CLUSTER_0280,3cgt1RgerKqQ8XVX3i3vXKPLtozEgxvCL4,48,False
3cguUUwzFbnAmAJjEK3Cc13y4JT4qK9,CLUSTER_0281,3cguUUwzFbnAmAJjEK3Cc13y4JT4qK9,22,False
3dM5dj9CibV4YJXqTz34n37ofTg,CLUSTER_0282,3dM5dj9CibV4YJXqTz34n37ofTg,21,False
3dZmzLAnQFsxZ44DWGS4G6a589ZK,CLUSTER_0283,3dZmzLAnQFsxZ44DWGS4G6a589ZK,31,False
3dcBBVSNefyc8zj8kdNQjc6mSq,CLUSTER_0284,3g8rUcY6Q27pkq6MoD7SS4f7vwxguZ,10,False
3dwK5w58xhaKRBZkkyfFSRb3U2NehL,CLUSTER_0285,3dwK5w58xhaKRBZkkyfFSRb3U2NehL,22,False
3eE8pzhbg85sZ6QYaT1H7LFbdQ9sxQ1BR,CLUSTER_0286,3eE8pzhbg85sZ6QYaT1H7LFbdQ9sxQ1BR,2,False
3emjFdYUPffcH3pup1AiSTzoa6,CLUSTER_0287,3emjFdYUPffcH3pup1AiSTzoa6,31,False
3erUgXjqXFataTbKv8V7YQLRW6cfzt15,CLUSTER_0288,3erUgXjqXFataTbKv8V7YQLRW6cfzt15,27,False
3esijc78xkHM4MfhgUGAbQDR5B,CLUSTER_0030,16tHAApycAsxgGzRDPGhRQAery,10,False
3ewk9TL64oZaEGPdS1gYeckah5v7nJ6m,CLUSTER_0289,3ewk9TL64oZaEGPdS1gYeckah5v7nJ6m,38,False
3fKC7oJh5peFtLNqc7UgH7TRfkZBGh,CLUSTER_0290,3fKC7oJh5peFtLNqc7UgH7TRfkZBGh,28,False
3fLx3bhJtaTdv2zcshTdtLwvRW4CxUwTU8,CLUSTER_0291,3fLx3bhJtaTdv2zcshTdtLwvRW4CxUwTU8,27,False
3faDh7yPaUG24SYY5V58c4Ghe4,CLUSTER_0292,3faDh7yPaUG24SYY5V58c4Ghe4,12,False
3fp7paGJM5pmRWqJgvNoohNDNWUaK1pz,CLUSTER_0293,3fp7paGJM5pmRWqJgvNoohNDNWUaK1pz,40,False
3fqWVtUZRkpcSR3LTEg9VdXHSuU98uq,CLUSTER_0294,3fqWVtUZRkpcSR3LTEg9VdXHSuU98uq,47,False
3fvdVoLDav4LukjenySEGH7LbBw,CLUSTER_0295,3fvdVoLDav4LukjenySEGH7LbBw,29,False
3fwz5rw2fKELoFiuHq58bkDTXWC1HuGzTq,CLUSTER_0024,bc1qrvlcz6m8l56tteqe9qxdxh0tnfcseqfqlpm9xx,31,True
3g8rUcY6Q27pkq6MoD7SS4f7vwxguZ,CLUSTER_0284,3g8rUcY6Q27pkq6MoD7SS4f7vwxguZ,10,False
3hgrA4NNFXY8iwW29sReDanDwbWSiyg,CLUSTER_0296,3hgrA4NNFXY8iwW29sReDanDwbWSiyg,23,False
3htRRBEp772A6hC5D6bJ2cx3YX5PQoA7,CLUSTER_0297,3htRRBEp772A6hC5D6bJ2cx3YX5PQoA7,10,False
3hxoUveVFCzkM23mnGDLR1tLnnGgBDSRm,CLUSTER_0298,3hxoUveVFCzkM23mnGDLR1tLnnGgBDSRm,15,False
3iRxPes7AwHrC213QFkW9xdzZWDus,CLUSTER_0111,1WcWPk4EWabgHoxAvJsMXbB7pgPpW4X3,4,True
3jSNswECxgQ2KDnbBzMWZDTFoW,CLUSTER_0299,3jSNswECxgQ2KDnbBzMWZDTFoW,22,False
3jvsQHXNXJABTPMLhqtK9BV2b9,CLUSTER_0049,1DEkjtE1GxFUvxF4bKJtYh4a73uh2kD3ma,15,False
3kF96jYb26EbZihRTHsmARHDm6,CLUSTER_0004,3kF96jYb26EbZihRTHsmARHDm6,35,False
3kFaQ6j9ZbEctYfRMEw5Pnfh6FVD84hmmw,CLUSTER_0300,3kFaQ6j9ZbEctYfRMEw5Pnfh6FVD84hmmw,20,False
3mWcgZYA79hymmE6jvXpJGQH2ibg,CLUSTER_0301,3mWcgZYA79hymmE6jvXpJGQH2ibg,25,False
3mpcki4gE2EbUnfj7D168TchHKT,CLUSTER_0302,3mpcki4gE2EbUnfj7D168TchHKT,40,False
3mt9mJgMYKoaBjseCnqBeVFVGZY9c,CLUSTER_0303,3mt9mJgMYKoaBjseCnqBeVFVGZY9c,44,False
3n3hVqLvMnL9haHRtrh4HLWNqsf1LbYqbb,CLUSTER_0304,3n3hVqLvMnL9haHRtrh4HLWNqsf1LbYqbb,3,False
3n5zUQWvhYnMtYe5mfMe3zgQkyR1GWXa,CLUSTER_0305,3n5zUQWvhYnMtYe5mfMe3zgQkyR1GWXa,8,False
3nP9hJegng1yMa3tT9hn3woUVAHU,CLUSTER_0306,3nP9hJegng1yMa3tT9hn3woUVAHU,12,False
3nTiy6rvJXvz21fPrsFQto9kZqWZ,CLUSTER_0307,3nTiy6rvJXvz21fPrsFQto9kZqWZ,3,False
3nv653CCLJpgGhzzkju1JpnQQaf,CLUSTER_0308,3nv653CCLJpgGhzzkju1JpnQQaf,36,False
3ooJavP7zv84wWs5sHkveR2sLmkixMi8,CLUSTER_0309,3ooJavP7zv84wWs5sHkveR2sLmkixMi8,4,False
3pEw8qYEpEs2TBsoWUEbPcBGYcEV,CLUSTER_0310,3pEw8qYEpEs2TBsoWUEbPcBGYcEV,22,False
3pW6fB9KFGEkxJi1eh47JQWthK7vJcD8,CLUSTER_0311,3pW6fB9KFGEkxJi1eh47JQWthK7vJcD8,41,False
3ptTXXXAETXtw9nD8TgxL3JfgYxtVtHeWQ,CLUSTER_0035,3ptTXXXAETXtw9nD8TgxL3JfgYxtVtHeWQ,35,False
3qrbV2GpCFPj1wzGRYXkEfkXWX4AD6,CLUSTER_0312,3qrbV2GpCFPj1wzGRYXkEfkXWX4AD6,10,False
3rRCCunLfhybLaxcRATn3D1DEdEjxLjCBz,CLUSTER_0313,3rRCCunLfhybLaxcRATn3D1DEdEjxLjCBz,36,False
3rwfQLmEahPZmdYeGKc49mEENXMr9W,CLUSTER_0314,3rwfQLmEahPZmdYeGKc49mEENXMr9W,12,False
3s8vWVJAAnznko17KwB8dk8uG6b,CLUSTER_0315,3s8vWVJAAnznko17KwB8dk8uG6b,7,False
3ssni2V6qzzUtxUYFAwh7z2vKPHi,CLUSTER_0316,3ssni2V6qzzUtxUYFAwh7z2vKPHi,29,False
3tyxu6tEdJbgYN6FGQzNE9MR8QW,CLUSTER_0005,3Tk62XigK8QJnLgcA7oqsLkVV55coua,4,True
3uD73MrEtbB6mexKpF62jDecnhRYXWLiN,CLUSTER_0107,bc1qxgxgg6hjejg9caqp59uwk89smsuw34rnx3tppp,15,False
3uLbNqsE2hRrw1UGXyzAKGQvTb4iyo,CLUSTER_0317,3uLbNqsE2hRrw1UGXyzAKGQvTb4iyo,10,False
3uXCdnNUar8F3HSJv9cZp9jM87jTrs,CLUSTER_0318,3uXCdnNUar8F3HSJv9cZp9jM87jTrs,26,False
3uYDgCkztef2ku6hEd9zXDQ6ih9UHE6,CLUSTER_0226,bc1q7erycej56hudj00mnt8q8m3cscxnr840tcf870,15,False
3v2DFdJ2jYPUaqnGSJFy1t3HQr,CLUSTER_0005,3Tk62XigK8QJnLgcA7oqsLkVV55coua,3,True
3vNFfSYNubqG8Nuh88YQnhKa13cDNwJ,CLUSTER_0149,3KZPSnREY5HKirvwsYhkyGEn64hsd3yDw,22,False
3vdYySaNs6AWEVFs7XhMv7jmzLiCph,CLUSTER_0319,3vdYySaNs6AWEVFs7XhMv7jmzLiCph,35,False
3w4t8U3wbg5DhuRF2FiTRXVbDb5uYx,CLUSTER_0320,3w4t8U3wbg5DhuRF2FiTRXVbDb5uYx,10,False
3wvET9e7dw29AUp4ioyKGoYd4t,CLUSTER_0321,3wvET9e7dw29AUp4ioyKGoYd4t,30,False
3xgKvwPYHupNoS3uCWwAxY14fmsR7,CLUSTER_0322,3xgKvwPYHupNoS3uCWwAxY14fmsR7,38,False
3y9oo8HSH4kfXfbVqkxiEYhDfoAvaueyd,CLUSTER_0323,3y9oo8HSH4kfXfbVqkxiEYhDfoAvaueyd,3,False
3yebWXNvesUVPf4EC9cj7CVae1kp,CLUSTER_0324,3yebWXNvesUVPf4EC9cj7CVae1kp,0,False
3yt2WtZXX6PET5tgYmVnpu8PMJXSXRmdu,CLUSTER_0220,3yt2WtZXX6PET5tgYmVnpu8PMJXSXRmdu,40,False
3zbJ16jZToEt67FfpwKKnS9mX8pnS7h,CLUSTER_0325,3zbJ16jZToEt67FfpwKKnS9mX8pnS7h,20,False
bc1q03zj4ynqevsgmf37f4axlshxzmth9302eaf8xa,CLUSTER_0220,3yt2WtZXX6PET5tgYmVnpu8PMJXSXRmdu,40,False
bc1q0ms4qhk8nwh79xac5dujzpur02kkc50qqaa9xm,CLUSTER_0326,bc1q0ms4qhk8nwh79xac5dujzpur02kkc50qqaa9xm,10,False
bc1q20fq8xthsdwjn9yffad5rg7tsxlzjzymvxa6lwck03jm9s84ttxg3985r2,CLUSTER_0267,bc1q20fq8xthsdwjn9yffad5rg7tsxlzjzymvxa6lwck03jm9s84ttxg3985r2,6,False
bc1q20yguf0m9daym58h9vca49ywv0ultx44zwq6sm,CLUSTER_0005,3Tk62XigK8QJnLgcA7oqsLkVV55coua,3,True
bc1q25h4ejp9r8zddfqy597fdwdgsy4hjmv9wen6eg,CLUSTER_0327,bc1q25h4ejp9r8zddfqy597fdwdgsy4hjmv9wen6eg,10,False
bc1q2f3ll8akyz34jv97h8t634glh43qv9kzufdnmh,CLUSTER_0328,bc1q2f3ll8akyz34jv97h8t634glh43qv9kzufdnmh,11,False
bc1q2h08csd00xpd2ftx46fqtdvdr256sc4rk9mdaj,CLUSTER_0329,bc1q2h08csd00xpd2ftx46fqtdvdr256sc4rk9mdaj,31,False
bc1q2h7kxhgjcnl6ftfkyppf75crqf027gmrz0j4ye,CLUSTER_0005,3Tk62XigK8QJnLgcA7oqsLkVV55coua,3,True
bc1q2pqypmf0as9yyf2nu0uss40gl8v0kwa4mu6w6a,CLUSTER_0330,bc1q2pqypmf0as9yyf2nu0uss40gl8v0kwa4mu6w6a,31,False
bc1q2qquk2pe30vmyrutyqjal62gt09jggwf53rmkn,CLUSTER_0331,bc1q2qquk2pe30vmyrutyqjal62gt09jggwf53rmkn,4,False
bc1q2wp6rwxynpth45a46plf4xfhxurgypxpnlfzfn,CLUSTER_0332,bc1q2wp6rwxynpth45a46plf4xfhxurgypxpnlfzfn,32,False
bc1q2yjvf7z4sxu4wxjjzgvamcadkm2uzvum5tn7j7,CLUSTER_0333,bc1q2yjvf7z4sxu4wxjjzgvamcadkm2uzvum5tn7j7,7,False
bc1q387nfesr3plmtxlrlhqaldmw2cv6j4gcvmf3sua6cylcdeyqx3mpq7rwr6,CLUSTER_0005,3Tk62XigK8QJnLgcA7oqsLkVV55coua,3,True
bc1q3f5f4fpgnsvm8dlh2929ud778rt2gk6lazy773,CLUSTER_0229,3BvohhNfRqdeRDJxrz1kyoNRRLC85,22,False
bc1q3njuc84pxgex6kscrjqyqh40gqfc3dvswe5vhw0sdddqxlxp3s7xupwzej,CLUSTER_0334,bc1q3njuc84pxgex6kscrjqyqh40gqfc3dvswe5vhw0sdddqxlxp3s7xupwzej,31,False
bc1q3qzz8dnzseuk3kc0prfq5gkg2uc6yvylaz427z,CLUSTER_0335,bc1q3qzz8dnzseuk3kc0prfq5gkg2uc6yvylaz427z,6,False
bc1q3rrc6t6ph3lr6cflwt6wlc8ejtk59yxxptg32k,CLUSTER_0336,bc1q3rrc6t6ph3lr6cflwt6wlc8ejtk59yxxptg32k,8,False
bc1q3stgqma8ct8sf4nzdwu2zfavxktq9zpeza8z2s,CLUSTER_0337,bc1q3stgqma8ct8sf4nzdwu2zfavxktq9zpeza8z2s,2,False
bc1q4ndazpzu3vffmxjzwh2gffyxnfqum9he08tza4,CLUSTER_0338,bc1q4ndazpzu3vffmxjzwh2gffyxnfqum9he08tza4,19,False
bc1q4u90tu4jt2q4w2ygd7ynw0xqwud3v9cnfnjmpx,CLUSTER_0004,3kF96jYb26EbZihRTHsmARHDm6,35,False
bc1q4y9822h5x7hq93u7afpus76nlksmpyc0ep2fhd,CLUSTER_0339,bc1q4y9822h5x7hq93u7afpus76nlksmpyc0ep2fhd,3,False
bc1q535dwrjh65m675a44r27s6q5z55rk5qazfnprh,CLUSTER_0109,bc1q535dwrjh65m675a44r27s6q5z55rk5qazfnprh,31,False
bc1q596xd80dq98a2svckat7c0gnd5mkgedm0huazsknj3p3aqv6ygwdmr829v,CLUSTER_0340,bc1q596xd80dq98a2svckat7c0gnd5mkgedm0huazsknj3p3aqv6ygwdmr829v,32,False
bc1q5cnxshs63xhvjstrw3h7rlth8pe565830htrnq,CLUSTER_0341,bc1q5cnxshs63xhvjstrw3h7rlth8pe565830htrnq,35,False
bc1q5ecga0mfy2thwdvdcv7telcqkxkft2e23xxsmr820h0lp4ka0gnvr5gtar,CLUSTER_0342,bc1q5ecga0mfy2thwdvdcv7telcqkxkft2e23xxsmr820h0lp4ka0gnvr5gtar,0,False
bc1q5n0agy3r2wadtkrd9qx6wrnfa9sjyr9scl82dy,CLUSTER_0343,bc1q5n0agy3r2wadtkrd9qx6wrnfa9sjyr9scl82dy,18,False
bc1q5rsenvrtsq0hwywqz9dxrc9m9vtuzrnldqg2yv,CLUSTER_0344,bc1q5rsenvrtsq0hwywqz9dxrc9m9vtuzrnldqg2yv,31,False
bc1q5u5tc50wmgznqa7a3q9e2hl6egf4uvy33jfc7z,CLUSTER_0345,bc1q5u5tc50wmgznqa7a3q9e2hl6egf4uvy33jfc7z,33,False
bc1q63heu0g0v4eh6al3aj4zdm9g2w2ug7d60hp78z,CLUSTER_0008,12jLvospGn7srDpTJoE2CLsyHeQyYw7y,22,False
bc1q6flvtccmpv8424f7aqzvdgfj6sacht3s9l2lw6,CLUSTER_0346,bc1q6flvtccmpv8424f7aqzvdgfj6sacht3s9l2lw6,44,False
bc1q6j062ygxvgq2pxcvkfslj058gq26cp4d9ng5ep,CLUSTER_0347,bc1q6j062ygxvgq2pxcvkfslj058gq26cp4d9ng5ep,30,False
bc1q6lxzy6gepz4a35qah87zl9thcgwwwd54f9da8w,CLUSTER_0348,bc1q6lxzy6gepz4a35qah87zl9thcgwwwd54f9da8w,23,False
bc1q6lz5pklsntavc4p5223vgm7nyz4af54ykz352y,CLUSTER_0349,bc1q6lz5pklsntavc4p5223vgm7nyz4af54ykz352y,9,False
bc1q6qc5avjusxd6gf74vfduhz5ctyhavfl6qzks5h9tkx97w69p9cgud5nm9f,CLUSTER_0350,bc1q6qc5avjusxd6gf74vfduhz5ctyhavfl6qzks5h9tkx97w69p9cgud5nm9f,29,False
bc1q78lm7lhzylcsyydcsl6rv55k6ydckd8s25jdwg6ye4kh4lyuyueea9u8jn,CLUSTER_0351,bc1q78lm7lhzylcsyydcsl6rv55k6ydckd8s25jdwg6ye4kh4lyuyueea9u8jn,35,False
bc1q7erycej56hudj00mnt8q8m3cscxnr840tcf870,CLUSTER_0226,bc1q7erycej56hudj00mnt8q8m3cscxnr840tcf870,15,False
bc1q7fh65hyxyqlnnnn8qzcym059v098dla784xx97wnkmudcn6hv7j35kprwu,CLUSTER_0352,bc1q7fh65hyxyqlnnnn8qzcym059v098dla784xx97wnkmudcn6hv7j35kprwu,46,False
bc1q7gxrcavadt3rm6wyuryqkjnatgfxjkwrfl5tqmn8406r3v7jy2nmpqavpp,CLUSTER_0024,bc1qrvlcz6m8l56tteqe9qxdxh0tnfcseqfqlpm9xx,10,True
bc1q82vyhs4m4djdfnwy5j4xykuadac5j9z3h96yq2,CLUSTER_0353,bc1q82vyhs4m4djdfnwy5j4xykuadac5j9z3h96yq2,46,False
bc1q8chqmhg00ay8ym0sem7lx74x6rswum65j87fw4,CLUSTER_0005,3Tk62XigK8QJnLgcA7oqsLkVV55coua,4,True
bc1q8g3fwl702l09zdfaw539ccxs2srfnjy9cemn97,CLUSTER_0354,bc1q8g3fwl702l09zdfaw539ccxs2srfnjy9cemn97,0,False
bc1q8q79agvjxs0rau2uukhy9z459hphqy4g7lx435,CLUSTER_0355,bc1q8q79agvjxs0rau2uukhy9z459hphqy4g7lx435,10,False
bc1q8r6a5zme3esgam45u0cympyads8xnj4hzrqp4v,CLUSTER_0356,bc1q8r6a5zme3esgam45u0cympyads8xnj4hzrqp4v,4,False
bc1q8vr0jneg0mv54wqwlgrqxtsvxqzck0jlyudkr7xyxnrmqa9lztx7xdp3ax,CLUSTER_0267,bc1q20fq8xthsdwjn9yffad5rg7tsxlzjzymvxa6lwck03jm9s84ttxg3985r2,6,False
bc1q8zarqft7w48rq0q3v7szcqcc7e2wu79zn3f8vk,CLUSTER_0357,bc1q8zarqft7w48rq0q3v7szcqcc7e2wu79zn3f8vk,35,False
bc1q93wpwvfyaxla4c0kukaflku0mzw2e6p8xpemq4,CLUSTER_0358,bc1q93wpwvfyaxla4c0kukaflku0mzw2e6p8xpemq4,3,False
bc1q9d0ufsskuf4un0rxjeyc39cnk62zxspaffe2f2,CLUSTER_0359,bc1q9d0ufsskuf4un0rxjeyc39cnk62zxspaffe2f2,12,False
bc1q9fhrykkfxldcrq0dxp4j0apfqrrnjx4qyhgjtmcnsz6csk79cqhaam0k94,CLUSTER_0360,bc1q9fhrykkfxldcrq0dxp4j0apfqrrnjx4qyhgjtmcnsz6csk79cqhaam0k94,47,False
bc1q9jr2madpj24j884e59nfc9dz4nq42xh83mpjm8,CLUSTER_0361,bc1q9jr2madpj24j884e59nfc9dz4nq42xh83mpjm8,26,False
bc1q9rvd3nr9f9mxtut9ntvt9j9a2njhffc0acdxw3,CLUSTER_0005,3Tk62XigK8QJnLgcA7oqsLkVV55coua,4,True
bc1q9y2elfe3xjs6w2ym8vzp3rs9cepye28ucjv9fe,CLUSTER_0004,3kF96jYb26EbZihRTHsmARHDm6,35,False
bc1qa02e4ghl7m55jphxkcnxxx47ttff6r0ldt6dl2,CLUSTER_0362,bc1qa02e4ghl7m55jphxkcnxxx47ttff6r0ldt6dl2,5,False
bc1qa8q7r90nfvamz2mwdjyxcr0zvw2lz202wpr84qc6v54j4ycggah8glp2za,CLUSTER_0363,bc1qa8q7r90nfvamz2mwdjyxcr0zvw2lz202wpr84qc6v54j4ycggah8glp2za,3,False
bc1qa99azywevvutjl00frhffzl9egu5zkg4ul0hm4,CLUSTER_0364,bc1qa99azywevvutjl00frhffzl9egu5zkg4ul0hm4,7,False
bc1qamhpyx24s29a2tch5knx838lffxk2taegr4vl6,CLUSTER_0365,bc1qamhpyx24s29a2tch5knx838lffxk2taegr4vl6,41,False
bc1qapqtd5w6434dp3dju86hm7m4lkj7p7hz6p5a8p,CLUSTER_0366,bc1qapqtd5w6434dp3dju86hm7m4lkj7p7hz6p5a8p,10,False
bc1qc0myt6rxlcq60f9gkd58cseydau7s47wcksz2v,CLUSTER_0367,bc1qc0myt6rxlcq60f9gkd58cseydau7s47wcksz2v,48,False
bc1qc4e5atsdkdz4gml85m33rjx0je5ex7ne5nez49,CLUSTER_0226,bc1q7erycej56hudj00mnt8q8m3cscxnr840tcf870,15,False
bc1qc4yr5peptya2dxeutsg9a77fmewzc844vm3zvg,CLUSTER_0141,bc1qc4yr5peptya2dxeutsg9a77fmewzc844vm3zvg,22,False
bc1qc5xaay2j7ygtc0cwgw29restzaffl8vsjvc06m,CLUSTER_0368,bc1qc5xaay2j7ygtc0cwgw29restzaffl8vsjvc06m,15,False
bc1qc8mzdc6yhlnw6tc7cu65mu8lw4wfrmu4gjuhcs,CLUSTER_0015,bc1qeupad27zmn7vyucalvcjg4dtajmqf3twxtnd4n,31,False
bc1qc9ywvq8ql036wzhd4885tmc7k02dx5mmw5cp22,CLUSTER_0005,3Tk62XigK8QJnLgcA7oqsLkVV55coua,4,True
bc1qca53dhfkjdvr8uk053v7twcllkmezgmer9qt0x,CLUSTER_0369,bc1qca53dhfkjdvr8uk053v7twcllkmezgmer9qt0x,42,False
bc1qcd94h3my4dtzkpweesw5ff2gaxq5e6c7h0f5fd,CLUSTER_0370,bc1qcd94h3my4dtzkpweesw5ff2gaxq5e6c7h0f5fd,10,False
bc1qcdju74lv7czgz865rv2n023kwnr4j4qsz9gje3,CLUSTER_0371,bc1qcdju74lv7czgz865rv2n023kwnr4j4qsz9gje3,44,False
bc1qceqs7l6yapqhtu7r435uxh07ffsjwyk4jzvchd,CLUSTER_0372,bc1qceqs7l6yapqhtu7r435uxh07ffsjwyk4jzvchd,10,False
bc1qch7rptfmvnrcm06j3a9c5jxz9ze6n00sd9ulkz,CLUSTER_0373,bc1qch7rptfmvnrcm06j3a9c5jxz9ze6n00sd9ulkz,6,False
bc1qcmm7t7vrfy97e7597kae8j9fkyh77vl7pna78j,CLUSTER_0374,bc1qcmm7t7vrfy97e7597kae8j9fkyh77vl7pna78j,14,False
bc1qcr9gkh9re3fwv9j9mkf05q4rm6a4jjntpg865n,CLUSTER_0375,bc1qcr9gkh9re3fwv9j9mkf05q4rm6a4jjntpg865n,22,False
bc1qcx5zv5s92lap7fevvkxpveym8vyylvhl0ppvd7,CLUSTER_0146,bc1qcx5zv5s92lap7fevvkxpveym8vyylvhl0ppvd7,31,False
bc1qd2jf4txheqx54su4706nrm0d8ky3us4smrx4k4,CLUSTER_0111,1WcWPk4EWabgHoxAvJsMXbB7pgPpW4X3,12,True
bc1qd35gzthp2mtfr8ewxa3j0u65c8mm7e0a7rusyy,CLUSTER_0376,bc1qd35gzthp2mtfr8ewxa3j0u65c8mm7e0a7rusyy,39,False
bc1qd6rtj4gqum50rqktzyacglkvr70knu3a4x0jsh,CLUSTER_0377,bc1qd6rtj4gqum50rqktzyacglkvr70knu3a4x0jsh,7,False
bc1qd77wncqgay9ha39xwaeq3u0m29h4lfzayjerul,CLUSTER_0378,bc1qd77wncqgay9ha39xwaeq3u0m29h4lfzayjerul,18,False
bc1qd98xty2qkkxj28zfxx3k7e4j54d6xp0pgrwnj8,CLUSTER_0379,bc1qd98xty2qkkxj28zfxx3k7e4j54d6xp0pgrwnj8,5,False
bc1qdj276drqahn8zml7kgpens9hn7reyke9smfzkm,CLUSTER_0380,bc1qdj276drqahn8zml7kgpens9hn7reyke9smfzkm,22,False
bc1qdvpayjlleuldukmh2t6unyv5unnwte5cuz3vhu,CLUSTER_0381,bc1qdvpayjlleuldukmh2t6unyv5unnwte5cuz3vhu,48,False
bc1qdyd4tmlfu4gzd9tjtkl730t53ajhph4u9eseac,CLUSTER_0382,bc1qdyd4tmlfu4gzd9tjtkl730t53ajhph4u9eseac,10,False
bc1qegz4p7yfvk3edwgvaewcdxgxzzwyyhslfq8c5e,CLUSTER_0383,bc1qegz4p7yfvk3edwgvaewcdxgxzzwyyhslfq8c5e,3,False
bc1qeqmv6aqrs7c8w4ms4q5725mlh480het7704krv,CLUSTER_0384,bc1qeqmv6aqrs7c8w4ms4q5725mlh480het7704krv,29,False
bc1qetwd09gm3ew4ezvgmnlz6kqu72afmd5ayrt36w,CLUSTER_0385,bc1qetwd09gm3ew4ezvgmnlz6kqu72afmd5ayrt36w,18,False
bc1qeupad27zmn7vyucalvcjg4dtajmqf3twxtnd4n,CLUSTER_0015,bc1qeupad27zmn7vyucalvcjg4dtajmqf3twxtnd4n,31,False
bc1qexv9ldeu0guwqj770twd8yuy44tkw2wusr66pt,CLUSTER_0386,bc1qexv9ldeu0guwqj770twd8yuy44tkw2wusr66pt,6,False
bc1qey8nfmc9f0qdrv686w6e2cm9n7kzudjpj5rm0m,CLUSTER_0387,bc1qey8nfmc9f0qdrv686w6e2cm9n7kzudjpj5rm0m,22,False
bc1qfeh9jy7mn2pfznhrdrkv5kzpc6ksy4yhvy6ayzet59e6jvys50ekhqjye5,CLUSTER_0388,bc1qfeh9jy7mn2pfznhrdrkv5kzpc6ksy4yhvy6ayzet59e6jvys50ekhqjye5,19,False
bc1qfg5ra2eh3qrxsuxt6397f3alhyhhg9v65l9l2a,CLUSTER_0024,bc1qrvlcz6m8l56tteqe9qxdxh0tnfcseqfqlpm9xx,31,True
bc1qfg5zpexx8aee8k70pt29nug27dygzy4ztl7ssh,CLUSTER_0389,bc1qfg5zpexx8aee8k70pt29nug27dygzy4ztl7ssh,22,False
bc1qfgd70g3t9u3ap45l78l7jywqjusryt26gsm22q,CLUSTER_0390,bc1qfgd70g3t9u3ap45l78l7jywqjusryt26gsm22q,10,False
bc1qfgq8tjye8hf5wp4q3ms766j76k7yk3tpqvzmes,CLUSTER_0391,bc1qfgq8tjye8hf5wp4q3ms766j76k7yk3tpqvzmes,10,False
bc1qfju35h3pfx7p6mhs9tkar7ukzxx5qaxkaq866l,CLUSTER_0392,bc1qfju35h3pfx7p6mhs9tkar7ukzxx5qaxkaq866l,0,False
bc1qfu37mmwaxzg3qwnvu8p0xrld69zhax9y2n30ww,CLUSTER_0393,bc1qfu37mmwaxzg3qwnvu8p0xrld69zhax9y2n30ww,18,False
bc1qg8a3gqp5xte6te9dkjc6c78lh0x20yv09zmq32,CLUSTER_0005,3Tk62XigK8QJnLgcA7oqsLkVV55coua,12,True
bc1qgc7g0qnre5tarvxjhy87v2ly3thrlmnklhycax,CLUSTER_0394,bc1qgc7g0qnre5tarvxjhy87v2ly3thrlmnklhycax,22,False
bc1qgdm2hctv4wg68hp3cf37xq7s0ukx35dem2lyy0,CLUSTER_0395,bc1qgdm2hctv4wg68hp3cf37xq7s0ukx35dem2lyy0,2,False
bc1qgf9488yqef0lduxgqeg35phepu2fz7u4uv668j,CLUSTER_0396,bc1qgf9488yqef0lduxgqeg35phepu2fz7u4uv668j,47,False
bc1qgngsmhwynwsnylhzqqmfvgsnr0dsl2hyu9rf9p,CLUSTER_0127,bc1qqjnwkjarwtjpv6s00kneccyndgkg8yj4wad02llmehjc2nuc20ef45pwze,22,False
bc1qgqcjtw6jtvutl74cwxu8uy3fhr3hxz86cu5fan,CLUSTER_0397,bc1qgqcjtw6jtvutl74cwxu8uy3fhr3hxz86cu5fan,6,False
bc1qgrs9wmpnd47z08vh59vf8mj0ke7r9ylnq0edku,CLUSTER_0398,bc1qgrs9wmpnd47z08vh59vf8mj0ke7r9ylnq0edku,44,False
bc1qgwcj42020tggnu3sx8d380kwqfv84t3tl3twf8,CLUSTER_0005,3Tk62XigK8QJnLgcA7oqsLkVV55coua,12,True
bc1qhdnlu4zz4k8r8x33glg5jw6k428s2jyqeuwzym,CLUSTER_0101,1SzL2JPntLawzwZdQqekDC1YfMs8Tuvi,6,False
bc1qhfzt63tuh325djtlcy4u4d7zgya5w34u2aly25,CLUSTER_0399,bc1qhfzt63tuh325djtlcy4u4d7zgya5w34u2aly25,44,False
bc1qhredcuqxrpnkphv8xmpsf6h2n42fy48fp7ua5d,CLUSTER_0400,bc1qhredcuqxrpnkphv8xmpsf6h2n42fy48fp7ua5d,41,False
bc1qhwc9ctd48lpycvlatyt3hu02qlch49k5fwv7d4,CLUSTER_0401,bc1qhwc9ctd48lpycvlatyt3hu02qlch49k5fwv7d4,10,False
bc1qj3xj5dq763aac3mjac30wvn3dmg6jrtp24wl2u,CLUSTER_0027,bc1qqenxc87axtx68hrajeqc3sma3c3kjlwy9jm0pj,24,False
bc1qj6tm2ftsnnpz9xzuyf7ur2wsgewslze06h6hx8,CLUSTER_0402,bc1qj6tm2ftsnnpz9xzuyf7ur2wsgewslze06h6hx8,4,False
bc1qjhh8mh38xwsx42s2u95ean2hz732nz20vyl9xp,CLUSTER_0403,bc1qjhh8mh38xwsx42s2u95ean2hz732nz20vyl9xp,35,False
bc1qjnkjha7560ujl7ksurcvyqhz24kkgvfg2kxh9a,CLUSTER_0404,bc1qjnkjha7560ujl7ksurcvyqhz24kkgvfg2kxh9a,35,False
bc1qjpp0tj7zhsmcgssn854443jnu3qwuj2tlf9knf,CLUSTER_0405,bc1qjpp0tj7zhsmcgssn854443jnu3qwuj2tlf9knf,21,False
bc1qjq2ngd8njg36y328e6xn7zhlg0rm8w998r8fjn,CLUSTER_0406,bc1qjq2ngd8njg36y328e6xn7zhlg0rm8w998r8fjn,44,False
bc1qjx49snmclqme5mm5jyrwgmdkzm4wdx6cv9a4u0,CLUSTER_0407,bc1qjx49snmclqme5mm5jyrwgmdkzm4wdx6cv9a4u0,25,False
bc1qk03wg7z5lvuad2rhrn0g8nt2ccdunwn8hap7ts,CLUSTER_0408,bc1qk03wg7z5lvuad2rhrn0g8nt2ccdunwn8hap7ts,34,False
bc1qk0cecay0xs30dpgyxfftzn44xkmzyzgw3z8dvf,CLUSTER_0409,bc1qk0cecay0xs30dpgyxfftzn44xkmzyzgw3z8dvf,18,False
bc1qkwv495vna2ag74lu49ueut7qmckp22maate4jw,CLUSTER_0410,bc1qkwv495vna2ag74lu49ueut7qmckp22maate4jw,32,False
bc1qlv0nsp4vkdvqtfw3xuhdw9huhd6nyfls2ajvq5g9wjax6f06fj0h8eyf55,CLUSTER_0411,bc1qlv0nsp4vkdvqtfw3xuhdw9huhd6nyfls2ajvq5g9wjax6f06fj0h8eyf55,13,False
bc1qlz6qn7hav6z8826n6g8yh5cxkm8u07cdh6rnhj,CLUSTER_0187,1uzSauKViKZrw4Tjavs4NeK8zLW1sRNc,12,False
bc1qm99qc6s75u0jsgzy8c2csg7qj7xydqx7ejlaes,CLUSTER_0412,bc1qm99qc6s75u0jsgzy8c2csg7qj7xydqx7ejlaes,40,False
bc1qmkflz6dywaat7vvun336yljq3g8rhcaaplvfcm,CLUSTER_0413,bc1qmkflz6dywaat7vvun336yljq3g8rhcaaplvfcm,35,False
bc1qmlgdykkvwgsv30zkyrmvwzmzwwqekjnkpeam34q98ljv2xfraz8zlugzd7,CLUSTER_0414,bc1qmlgdykkvwgsv30zkyrmvwzmzwwqekjnkpeam34q98ljv2xfraz8zlugzd7,10,False
bc1qmm2mrd69w76w9mddfd03zjuskjjjvl9pc5qzlt,CLUSTER_0415,bc1qmm2mrd69w76w9mddfd03zjuskjjjvl9pc5qzlt,27,False
bc1qmtz3zrlspmtpk9gk973utwp8qyxrhy5zs6pgjl,CLUSTER_0416,bc1qmtz3zrlspmtpk9gk973utwp8qyxrhy5zs6pgjl,49,False
bc1qmy3guzzqsqjvja33l0ct8chfwsvs4men9sw974,CLUSTER_0417,bc1qmy3guzzqsqjvja33l0ct8chfwsvs4men9sw974,38,False
bc1qn7gkxw8tltu5pg776zx5lp2lex63j68cengll3,CLUSTER_0418,bc1qn7gkxw8tltu5pg776zx5lp2lex63j68cengll3,9,False
bc1qndrjpytlf0eyjpuux60rtmdjjue0hncswwwm2e4d8v37uh5mkjek3r3xnj,CLUSTER_0419,bc1qndrjpytlf0eyjpuux60rtmdjjue0hncswwwm2e4d8v37uh5mkjek3r3xnj,48,False
bc1qnmlsw5xpryma09aptxgnuwrp39qsz8wjdhu8r88dxuzjpdxn9twxtg2pjg,CLUSTER_0420,bc1qnmlsw5xpryma09aptxgnuwrp39qsz8wjdhu8r88dxuzjpdxn9twxtg2pjg,13,False
bc1qnppw8jana9sr7qrlax4suwkr8u9wzwztvrlk8q,CLUSTER_0421,bc1qnppw8jana9sr7qrlax4suwkr8u9wzwztvrlk8q,22,False
bc1qp3w7eeeaqw99efup6haguwcra5k2grenmapt33,CLUSTER_0422,bc1qp3w7eeeaqw99efup6haguwcra5k2grenmapt33,26,False
bc1qp78vvjad99t8vjzz6ex46eefg5yqd9hgxe4388xt7hvugpdee983vny2qg,CLUSTER_0423,bc1qp78vvjad99t8vjzz6ex46eefg5yqd9hgxe4388xt7hvugpdee983vny2qg,27,False
bc1qpl7y93exsdw9xdnfj7xm07tv0dndy70cdzaf339vff302kxaqmhtvdvhvf,CLUSTER_0424,bc1qpl7y93exsdw9xdnfj7xm07tv0dndy70cdzaf339vff302kxaqmhtvdvhvf,29,False
bc1qpl8met6m9jekaqk7jjxlu0f0z88sqaxykam2qj,CLUSTER_0425,bc1qpl8met6m9jekaqk7jjxlu0f0z88sqaxykam2qj,14,False
bc1qpq86n80r7wgtn7kc9fjajav7xj68kf4eejp34z5qd0dtuwy9s5nacw6j28,CLUSTER_0005,3Tk62XigK8QJnLgcA7oqsLkVV55coua,12,True
bc1qpwcafq8lagrhq3mxa78mm8nvr0zqc5wrrghdv4,CLUSTER_0426,bc1qpwcafq8lagrhq3mxa78mm8nvr0zqc5wrrghdv4,7,False
bc1qq269hreqdp2ghjqlvuxhyyypl8ly4pv5r4npzc,CLUSTER_0427,bc1qq269hreqdp2ghjqlvuxhyyypl8ly4pv5r4npzc,33,False
bc1qq28t5syxgh4cq3958lpah30j3920twldf2m7xp,CLUSTER_0203,1yyufehee9VLbiQCcDA7Mf3cy7dbBjGv,31,False
bc1qqenxc87axtx68hrajeqc3sma3c3kjlwy9jm0pj,CLUSTER_0027,bc1qqenxc87axtx68hrajeqc3sma3c3kjlwy9jm0pj,24,False
bc1qqf9hu9fqpzkfh27vr32f7av6jv99w8c8ye4f98,CLUSTER_0428,bc1qqf9hu9fqpzkfh27vr32f7av6jv99w8c8ye4f98,45,False
bc1qqjnwkjarwtjpv6s00kneccyndgkg8yj4wad02llmehjc2nuc20ef45pwze,CLUSTER_0127,bc1qqjnwkjarwtjpv6s00kneccyndgkg8yj4wad02llmehjc2nuc20ef45pwze,22,False
bc1qqkr6h26r9scapsvexp03wjf70urzgrrv3er0cz,CLUSTER_0429,bc1qqkr6h26r9scapsvexp03wjf70urzgrrv3er0cz,18,False
bc1qqlh7ztw494t4t282fcpcak4wksslju5uylrahw,CLUSTER_0430,bc1qqlh7ztw494t4t282fcpcak4wksslju5uylrahw,10,False
bc1qqpa5seyhvfh9ep326203q3tv9l8aa9v6dkpyla,CLUSTER_0431,bc1qqpa5seyhvfh9ep326203q3tv9l8aa9v6dkpyla,22,False
bc1qqwgaccjkwa0yl25a4lq3qd2lrpykqlq93f2uyw,CLUSTER_0432,bc1qqwgaccjkwa0yl25a4lq3qd2lrpykqlq93f2uyw,49,False
bc1qr8yjwpmjaefqf5xj4d8j8v4s70xnjmqqefv40p,CLUSTER_0433,bc1qr8yjwpmjaefqf5xj4d8j8v4s70xnjmqqefv40p,3,False
bc1qrc53q0hfv6ctks5dryg6cr9d2aexr5zu08gfwe,CLUSTER_0434,bc1qrc53q0hfv6ctks5dryg6cr9d2aexr5zu08gfwe,0,False
bc1qrj652fm3mr7fl37vr8qrx6utmt5na8xrreezhm,CLUSTER_0435,bc1qrj652fm3mr7fl37vr8qrx6utmt5na8xrreezhm,4,False
bc1qrmytejqgydrzwtjw8nha4f5qlmdrkwu2yynjkv,CLUSTER_0436,bc1qrmytejqgydrzwtjw8nha4f5qlmdrkwu2yynjkv,9,False
bc1qrp9nr2ca42rrtzr7rvyctu5jv9jrgpry8dev6v,CLUSTER_0437,bc1qrp9nr2ca42rrtzr7rvyctu5jv9jrgpry8dev6v,22,False
bc1qrs0ksnra2r5q3g7t3mhcqd6pawd8kg78pewxzy,CLUSTER_0005,3Tk62XigK8QJnLgcA7oqsLkVV55coua,3,True
bc1qrtnqpqr2kd9xutulamger7z2neg9ywymcu7dwrsj4l2h8gfz3m4hxzlpqx,CLUSTER_0438,bc1qrtnqpqr2kd9xutulamger7z2neg9ywymcu7dwrsj4l2h8gfz3m4hxzlpqx,5,False
bc1qruujnlphtwdw6f0y9caazujt5vwsj7rf2jujmd,CLUSTER_0439,bc1qruujnlphtwdw6f0y9caazujt5vwsj7rf2jujmd,5,False
bc1qrvlcz6m8l56tteqe9qxdxh0tnfcseqfqlpm9xx,CLUSTER_0024,bc1qrvlcz6m8l56tteqe9qxdxh0tnfcseqfqlpm9xx,10,True
bc1qrzt44prh7wegp3k9s2ruyhte83ejw4txdlt4ts,CLUSTER_0440,bc1qrzt44prh7wegp3k9s2ruyhte83ejw4txdlt4ts,17,False
bc1qs2ss976prdhv4p6n79uznnaumjm60rcutgck7ehz887v5cfxwfpfy7whg2,CLUSTER_0040,1AqasZTZqfqWah3h8rMxiJ3RqBK,3,False
bc1qs9fsymuqx668wakg6s5rqtn9mjt9uhkfv9j7m5,CLUSTER_0441,bc1qs9fsymuqx668wakg6s5rqtn9mjt9uhkfv9j7m5,14,False
bc1qsfcwwyjnjdccfhlv3v7rvxrfmcll3txugc5445,CLUSTER_0442,bc1qsfcwwyjnjdccfhlv3v7rvxrfmcll3txugc5445,0,False
bc1qsju5wxgefy9k00gcgve8ffpdv3syfd74ttxw8u,CLUSTER_0261,bc1qsju5wxgefy9k00gcgve8ffpdv3syfd74ttxw8u,31,False
bc1qsns9fhmtyj32ka5ff2ku3xuxgllnqrgnvpnv28,CLUSTER_0443,bc1qsns9fhmtyj32ka5ff2ku3xuxgllnqrgnvpnv28,12,False
bc1qszl75h95cxclfgqsh92uy7432yax7f98zmf6jw,CLUSTER_0146,bc1qcx5zv5s92lap7fevvkxpveym8vyylvhl0ppvd7,31,False
bc1qtswnttr78kjqkl4hujcn3850xuf0skgfvkeflt,CLUSTER_0444,bc1qtswnttr78kjqkl4hujcn3850xuf0skgfvkeflt,23,False
bc1qu53mm9tm9aa2fuxw8nlelsrn2a9w7qp4mlmzdg,CLUSTER_0445,bc1qu53mm9tm9aa2fuxw8nlelsrn2a9w7qp4mlmzdg,0,False
bc1qudz3q6922upn2wzuuq4t24quhwsql5ajcyytge,CLUSTER_0446,bc1qudz3q6922upn2wzuuq4t24quhwsql5ajcyytge,6,False
bc1quhtp57sg7m3zews8e9am8k9lgghhauyfx8c0ru,CLUSTER_0447,bc1quhtp57sg7m3zews8e9am8k9lgghhauyfx8c0ru,0,False
bc1qumg53yf3s97y4hn6j6qp5j5cd505f70e4fzpw0,CLUSTER_0448,bc1qumg53yf3s97y4hn6j6qp5j5cd505f70e4fzpw0,9,False
bc1quzs9hq225vtghs8sgmcm8wlexu452lmtddqlmz,CLUSTER_0449,bc1quzs9hq225vtghs8sgmcm8wlexu452lmtddqlmz,3,False
bc1qv35vjsx900zncy54q7k7303t6a74ukfrzc2x74,CLUSTER_0450,bc1qv35vjsx900zncy54q7k7303t6a74ukfrzc2x74,26,False
bc1qv46l0psjmmwswhd5y0l2k5mmmv2kcmpz5alhdr,CLUSTER_0451,bc1qv46l0psjmmwswhd5y0l2k5mmmv2kcmpz5alhdr,35,False
bc1qv7esg4fua4qapqe6sh29jd3vnvpad7vhv298ky,CLUSTER_0452,bc1qv7esg4fua4qapqe6sh29jd3vnvpad7vhv298ky,5,False
bc1qv7pgt89gax2egu3rsfmdr79qv83zcq3h8v5szd,CLUSTER_0453,bc1qv7pgt89gax2egu3rsfmdr79qv83zcq3h8v5szd,22,False
bc1qvgn3a66um0r6a5frppqv3sl78kej7cgpk25dkn,CLUSTER_0454,bc1qvgn3a66um0r6a5frppqv3sl78kej7cgpk25dkn,15,False
bc1qvja4k5hchevs34m724wljgcnz4aprxeemc78653xh0wqdea242kf97gnvj,CLUSTER_0015,bc1qeupad27zmn7vyucalvcjg4dtajmqf3twxtnd4n,31,False
bc1qvxpc2059gyg3hf49v3jsg5pz5spqxa3zmmw8es,CLUSTER_0455,bc1qvxpc2059gyg3hf49v3jsg5pz5spqxa3zmmw8es,34,False
bc1qvytlttz74z8h7de2psjt9fxjfjpvghx427aj2w,CLUSTER_0456,bc1qvytlttz74z8h7de2psjt9fxjfjpvghx427aj2w,42,False
bc1qwdcjq6s67f0z9n67sv2rscr6wlmmhxe48np4ej9uz7tt2fv53l444cevm2,CLUSTER_0247,3LP4qkrPd9oonAXJcZtpfks4178KWesnC,22,False
bc1qwr74u7jzftm8krgs5hlc60y4srevfu3e7w9gde,CLUSTER_0247,3LP4qkrPd9oonAXJcZtpfks4178KWesnC,22,False
bc1qwt39df445k7urz6zqarhn35se4mxc3rm7tewa5,CLUSTER_0457,bc1qwt39df445k7urz6zqarhn35se4mxc3rm7tewa5,5,False
bc1qwt4kluxuzv97z9ryyx7qd4a0dhqxqe6s2j5e04,CLUSTER_0458,bc1qwt4kluxuzv97z9ryyx7qd4a0dhqxqe6s2j5e04,13,False
bc1qxgxgg6hjejg9caqp59uwk89smsuw34rnx3tppp,CLUSTER_0107,bc1qxgxgg6hjejg9caqp59uwk89smsuw34rnx3tppp,15,False
bc1qxkzdrsprqa498k2rhe3v4vjhkl85ykckule0ak,CLUSTER_0459,bc1qxkzdrsprqa498k2rhe3v4vjhkl85ykckule0ak,44,False
bc1qxrwq8px48x5e4urqvg69d3mm8ska5txrguuj3r,CLUSTER_0460,bc1qxrwq8px48x5e4urqvg69d3mm8ska5txrguuj3r,18,False
bc1qy452mzynejkvcfgsh705wcz9yzps7pkl3ehpal,CLUSTER_0461,bc1qy452mzynejkvcfgsh705wcz9yzps7pkl3ehpal,26,False
bc1qy47lkn8ls8jkpesjdh9qezaz7q58dsmfnn0x0g,CLUSTER_0462,bc1qy47lkn8ls8jkpesjdh9qezaz7q58dsmfnn0x0g,3,False
bc1qy6j7nl5ku87x8j09dldnawmh5prs03p7zw4dvj,CLUSTER_0463,bc1qy6j7nl5ku87x8j09dldnawmh5prs03p7zw4dvj,6,False
bc1qyaqs4k5cxtd5eeu9h2tdtkal8t6esgpszdcks7,CLUSTER_0464,bc1qyaqs4k5cxtd5eeu9h2tdtkal8t6esgpszdcks7,15,False
bc1qycpzwdndxstr4jsf8lpx7ccfr0dy3834tvhdwz,CLUSTER_0465,bc1qycpzwdndxstr4jsf8lpx7ccfr0dy3834tvhdwz,9,False
bc1qygjpte52t2e50whjpwuaac2u0m3hhhh2977h6d,CLUSTER_0024,bc1qrvlcz6m8l56tteqe9qxdxh0tnfcseqfqlpm9xx,6,True
bc1qykhprmqwp8m9dadnd5awq7zsln7q5und9fl2rm,CLUSTER_0466,bc1qykhprmqwp8m9dadnd5awq7zsln7q5und9fl2rm,3,False
bc1qymda8xzmr82ncdww36rhegrfw9e8pvcpmfzd4zhugsgdg4jzjadxysu4nn,CLUSTER_0109,bc1q535dwrjh65m675a44r27s6q5z55rk5qazfnprh,31,False
bc1qyspefn6lxta5lzzneeg4kt2u2t7zjtj027mlt4jgyaqpcs4qw8hdm7z7ru,CLUSTER_0467,bc1qyspefn6lxta5lzzneeg4kt2u2t7zjtj027mlt4jgyaqpcs4qw8hdm7z7ru,7,False
bc1qz37cnphpg8wd8d9aqezl4dzmmjculcmma8lmzl474hqn0xwslrjrf4n0dm,CLUSTER_0468,bc1qz37cnphpg8wd8d9aqezl4dzmmjculcmma8lmzl474hqn0xwslrjrf4n0dm,39,False
bc1qz83dnncvafjdjp7rc5gz839dk0pffmz8gejexr,CLUSTER_0154,1krn6ciaYKzzmJ255UN4ETkCeB4AfpP,18,False
bc1qzjd78g2ekh2gzxcjy9wd37xfgr946kp62z8ts4,CLUSTER_0469,bc1qzjd78g2ekh2gzxcjy9wd37xfgr946kp62z8ts4,8,False
